name,value,year,lastValue,rank,image,largeDate,country
Brazil,1,1958,1,4,,1958,Brazil
Brazil,1.05,1958.05,1,0,,1958,Brazil
Brazil,1.1,1958.1,1.05,0,,1958,Brazil
Brazil,1.15,1958.15,1.1,0,,1958,Brazil
Brazil,1.2,1958.2,1.15,0,,1958,Brazil
Brazil,1.25,1958.25,1.2,0,,1958,Brazil
Brazil,1.3,1958.3,1.25,0,,1958,Brazil
Brazil,1.35,1958.35,1.3,0,,1958,Brazil
Brazil,1.4,1958.4,1.35,0,,1958,Brazil
Brazil,1.45,1958.45,1.4,0,,1958,Brazil
Brazil,1.5,1958.5,1.45,0,,1958,Brazil
Brazil,1.55,1958.55,1.5,0,,1958,Brazil
Brazil,1.6,1958.6,1.55,0,,1958,Brazil
Brazil,1.65,1958.65,1.6,0,,1958,Brazil
Brazil,1.7,1958.7,1.65,0,,1958,Brazil
Brazil,1.75,1958.75,1.7,0,,1958,Brazil
Brazil,1.8,1958.8,1.75,0,,1958,Brazil
Brazil,1.85,1958.85,1.8,0,,1958,Brazil
Brazil,1.9,1958.9,1.85,0,,1958,Brazil
Brazil,1.95,1958.95,1.9,0,,1958,Brazil
Brazil,2,1962,1.95,3,,1958,Brazil
Brazil,2,1962.05,2,0,,1958,Brazil
Brazil,2,1962.1,2,0,,1958,Brazil
Brazil,2,1962.15,2,0,,1958,Brazil
Brazil,2,1962.2,2,0,,1958,Brazil
Brazil,2,1962.25,2,0,,1958,Brazil
Brazil,2,1962.3,2,0,,1958,Brazil
Brazil,2,1962.35,2,0,,1958,Brazil
Brazil,2,1962.4,2,0,,1958,Brazil
Brazil,2,1962.45,2,0,,1958,Brazil
Brazil,2,1962.5,2,0,,1958,Brazil
Brazil,2,1962.55,2,0,,1958,Brazil
Brazil,2,1962.6,2,0,,1958,Brazil
Brazil,2,1962.65,2,0,,1958,Brazil
Brazil,2,1962.7,2,0,,1958,Brazil
Brazil,2,1962.75,2,0,,1958,Brazil
Brazil,2,1962.8,2,0,,1958,Brazil
Brazil,2,1962.85,2,0,,1958,Brazil
Brazil,2,1962.9,2,0,,1958,Brazil
Brazil,2,1962.95,2,0,,1958,Brazil
Brazil,2,1966,2,3,,1958,Brazil
Brazil,2.05,1966.05,2,0,,1958,Brazil
Brazil,2.1,1966.1,2.05,0,,1958,Brazil
Brazil,2.15,1966.15,2.1,0,,1958,Brazil
Brazil,2.2,1966.2,2.15,0,,1958,Brazil
Brazil,2.25,1966.25,2.2,0,,1958,Brazil
Brazil,2.3,1966.3,2.25,0,,1958,Brazil
Brazil,2.35,1966.35,2.3,0,,1958,Brazil
Brazil,2.4,1966.4,2.35,0,,1958,Brazil
Brazil,2.45,1966.45,2.4,0,,1958,Brazil
Brazil,2.5,1966.5,2.45,0,,1958,Brazil
Brazil,2.55,1966.55,2.5,0,,1958,Brazil
Brazil,2.6,1966.6,2.55,0,,1958,Brazil
Brazil,2.65,1966.65,2.6,0,,1958,Brazil
Brazil,2.7,1966.7,2.65,0,,1958,Brazil
Brazil,2.75,1966.75,2.7,0,,1958,Brazil
Brazil,2.8,1966.8,2.75,0,,1958,Brazil
Brazil,2.85,1966.85,2.8,0,,1958,Brazil
Brazil,2.9,1966.9,2.85,0,,1958,Brazil
Brazil,2.95,1966.95,2.9,0,,1958,Brazil
Brazil,3,1970,2.95,1,,1958,Brazil
Brazil,3,1970.05,3,0,,1958,Brazil
Brazil,3,1970.1,3,0,,1958,Brazil
Brazil,3,1970.15,3,0,,1958,Brazil
Brazil,3,1970.2,3,0,,1958,Brazil
Brazil,3,1970.25,3,0,,1958,Brazil
Brazil,3,1970.3,3,0,,1958,Brazil
Brazil,3,1970.35,3,0,,1958,Brazil
Brazil,3,1970.4,3,0,,1958,Brazil
Brazil,3,1970.45,3,0,,1958,Brazil
Brazil,3,1970.5,3,0,,1958,Brazil
Brazil,3,1970.55,3,0,,1958,Brazil
Brazil,3,1970.6,3,0,,1958,Brazil
Brazil,3,1970.65,3,0,,1958,Brazil
Brazil,3,1970.7,3,0,,1958,Brazil
Brazil,3,1970.75,3,0,,1958,Brazil
Brazil,3,1970.8,3,0,,1958,Brazil
Brazil,3,1970.85,3,0,,1958,Brazil
Brazil,3,1970.9,3,0,,1958,Brazil
Brazil,3,1970.95,3,0,,1958,Brazil
Brazil,3,1974,3,1,,1958,Brazil
Brazil,3,1974.05,3,0,,1958,Brazil
Brazil,3,1974.1,3,0,,1958,Brazil
Brazil,3,1974.15,3,0,,1958,Brazil
Brazil,3,1974.2,3,0,,1958,Brazil
Brazil,3,1974.25,3,0,,1958,Brazil
Brazil,3,1974.3,3,0,,1958,Brazil
Brazil,3,1974.35,3,0,,1958,Brazil
Brazil,3,1974.4,3,0,,1958,Brazil
Brazil,3,1974.45,3,0,,1958,Brazil
Brazil,3,1974.5,3,0,,1958,Brazil
Brazil,3,1974.55,3,0,,1958,Brazil
Brazil,3,1974.6,3,0,,1958,Brazil
Brazil,3,1974.65,3,0,,1958,Brazil
Brazil,3,1974.7,3,0,,1958,Brazil
Brazil,3,1974.75,3,0,,1958,Brazil
Brazil,3,1974.8,3,0,,1958,Brazil
Brazil,3,1974.85,3,0,,1958,Brazil
Brazil,3,1974.9,3,0,,1958,Brazil
Brazil,3,1974.95,3,0,,1958,Brazil
Brazil,3,1978,3,1,,1958,Brazil
Brazil,3,1978.05,3,0,,1958,Brazil
Brazil,3,1978.1,3,0,,1958,Brazil
Brazil,3,1978.15,3,0,,1958,Brazil
Brazil,3,1978.2,3,0,,1958,Brazil
Brazil,3,1978.25,3,0,,1958,Brazil
Brazil,3,1978.3,3,0,,1958,Brazil
Brazil,3,1978.35,3,0,,1958,Brazil
Brazil,3,1978.4,3,0,,1958,Brazil
Brazil,3,1978.45,3,0,,1958,Brazil
Brazil,3,1978.5,3,0,,1958,Brazil
Brazil,3,1978.55,3,0,,1958,Brazil
Brazil,3,1978.6,3,0,,1958,Brazil
Brazil,3,1978.65,3,0,,1958,Brazil
Brazil,3,1978.7,3,0,,1958,Brazil
Brazil,3,1978.75,3,0,,1958,Brazil
Brazil,3,1978.8,3,0,,1958,Brazil
Brazil,3,1978.85,3,0,,1958,Brazil
Brazil,3,1978.9,3,0,,1958,Brazil
Brazil,3,1978.95,3,0,,1958,Brazil
Brazil,3,1982,3,1,,1958,Brazil
Brazil,3,1982.05,3,0,,1958,Brazil
Brazil,3,1982.1,3,0,,1958,Brazil
Brazil,3,1982.15,3,0,,1958,Brazil
Brazil,3,1982.2,3,0,,1958,Brazil
Brazil,3,1982.25,3,0,,1958,Brazil
Brazil,3,1982.3,3,0,,1958,Brazil
Brazil,3,1982.35,3,0,,1958,Brazil
Brazil,3,1982.4,3,0,,1958,Brazil
Brazil,3,1982.45,3,0,,1958,Brazil
Brazil,3,1982.5,3,0,,1958,Brazil
Brazil,3,1982.55,3,0,,1958,Brazil
Brazil,3,1982.6,3,0,,1958,Brazil
Brazil,3,1982.65,3,0,,1958,Brazil
Brazil,3,1982.7,3,0,,1958,Brazil
Brazil,3,1982.75,3,0,,1958,Brazil
Brazil,3,1982.8,3,0,,1958,Brazil
Brazil,3,1982.85,3,0,,1958,Brazil
Brazil,3,1982.9,3,0,,1958,Brazil
Brazil,3,1982.95,3,0,,1958,Brazil
Brazil,3,1986,3,1,,1958,Brazil
Brazil,3,1986.05,3,0,,1958,Brazil
Brazil,3,1986.1,3,0,,1958,Brazil
Brazil,3,1986.15,3,0,,1958,Brazil
Brazil,3,1986.2,3,0,,1958,Brazil
Brazil,3,1986.25,3,0,,1958,Brazil
Brazil,3,1986.3,3,0,,1958,Brazil
Brazil,3,1986.35,3,0,,1958,Brazil
Brazil,3,1986.4,3,0,,1958,Brazil
Brazil,3,1986.45,3,0,,1958,Brazil
Brazil,3,1986.5,3,0,,1958,Brazil
Brazil,3,1986.55,3,0,,1958,Brazil
Brazil,3,1986.6,3,0,,1958,Brazil
Brazil,3,1986.65,3,0,,1958,Brazil
Brazil,3,1986.7,3,0,,1958,Brazil
Brazil,3,1986.75,3,0,,1958,Brazil
Brazil,3,1986.8,3,0,,1958,Brazil
Brazil,3,1986.85,3,0,,1958,Brazil
Brazil,3,1986.9,3,0,,1958,Brazil
Brazil,3,1986.95,3,0,,1958,Brazil
Brazil,3,1990,3,1,,1958,Brazil
Brazil,3.05,1990.05,3,0,,1958,Brazil
Brazil,3.1,1990.1,3.05,0,,1958,Brazil
Brazil,3.15,1990.15,3.1,0,,1958,Brazil
Brazil,3.2,1990.2,3.15,0,,1958,Brazil
Brazil,3.25,1990.25,3.2,0,,1958,Brazil
Brazil,3.3,1990.3,3.25,0,,1958,Brazil
Brazil,3.35,1990.35,3.3,0,,1958,Brazil
Brazil,3.4,1990.4,3.35,0,,1958,Brazil
Brazil,3.45,1990.45,3.4,0,,1958,Brazil
Brazil,3.5,1990.5,3.45,0,,1958,Brazil
Brazil,3.55,1990.55,3.5,0,,1958,Brazil
Brazil,3.6,1990.6,3.55,0,,1958,Brazil
Brazil,3.65,1990.65,3.6,0,,1958,Brazil
Brazil,3.7,1990.7,3.65,0,,1958,Brazil
Brazil,3.75,1990.75,3.7,0,,1958,Brazil
Brazil,3.8,1990.8,3.75,0,,1958,Brazil
Brazil,3.85,1990.85,3.8,0,,1958,Brazil
Brazil,3.9,1990.9,3.85,0,,1958,Brazil
Brazil,3.95,1990.95,3.9,0,,1958,Brazil
Brazil,4,1994,3.95,1,,1958,Brazil
Brazil,4,1994.05,4,0,,1958,Brazil
Brazil,4,1994.1,4,0,,1958,Brazil
Brazil,4,1994.15,4,0,,1958,Brazil
Brazil,4,1994.2,4,0,,1958,Brazil
Brazil,4,1994.25,4,0,,1958,Brazil
Brazil,4,1994.3,4,0,,1958,Brazil
Brazil,4,1994.35,4,0,,1958,Brazil
Brazil,4,1994.4,4,0,,1958,Brazil
Brazil,4,1994.45,4,0,,1958,Brazil
Brazil,4,1994.5,4,0,,1958,Brazil
Brazil,4,1994.55,4,0,,1958,Brazil
Brazil,4,1994.6,4,0,,1958,Brazil
Brazil,4,1994.65,4,0,,1958,Brazil
Brazil,4,1994.7,4,0,,1958,Brazil
Brazil,4,1994.75,4,0,,1958,Brazil
Brazil,4,1994.8,4,0,,1958,Brazil
Brazil,4,1994.85,4,0,,1958,Brazil
Brazil,4,1994.9,4,0,,1958,Brazil
Brazil,4,1994.95,4,0,,1958,Brazil
Brazil,4,1998,4,1,,1958,Brazil
Brazil,4.05,1998.05,4,0,,1958,Brazil
Brazil,4.1,1998.1,4.05,0,,1958,Brazil
Brazil,4.15,1998.15,4.1,0,,1958,Brazil
Brazil,4.2,1998.2,4.15,0,,1958,Brazil
Brazil,4.25,1998.25,4.2,0,,1958,Brazil
Brazil,4.3,1998.3,4.25,0,,1958,Brazil
Brazil,4.35,1998.35,4.3,0,,1958,Brazil
Brazil,4.4,1998.4,4.35,0,,1958,Brazil
Brazil,4.45,1998.45,4.4,0,,1958,Brazil
Brazil,4.5,1998.5,4.45,0,,1958,Brazil
Brazil,4.55,1998.55,4.5,0,,1958,Brazil
Brazil,4.6,1998.6,4.55,0,,1958,Brazil
Brazil,4.65,1998.65,4.6,0,,1958,Brazil
Brazil,4.7,1998.7,4.65,0,,1958,Brazil
Brazil,4.75,1998.75,4.7,0,,1958,Brazil
Brazil,4.8,1998.8,4.75,0,,1958,Brazil
Brazil,4.85,1998.85,4.8,0,,1958,Brazil
Brazil,4.9,1998.9,4.85,0,,1958,Brazil
Brazil,4.95,1998.95,4.9,0,,1958,Brazil
Brazil,5,2002,4.95,1,,1958,Brazil
Brazil,5,2002.05,5,0,,1958,Brazil
Brazil,5,2002.1,5,0,,1958,Brazil
Brazil,5,2002.15,5,0,,1958,Brazil
Brazil,5,2002.2,5,0,,1958,Brazil
Brazil,5,2002.25,5,0,,1958,Brazil
Brazil,5,2002.3,5,0,,1958,Brazil
Brazil,5,2002.35,5,0,,1958,Brazil
Brazil,5,2002.4,5,0,,1958,Brazil
Brazil,5,2002.45,5,0,,1958,Brazil
Brazil,5,2002.5,5,0,,1958,Brazil
Brazil,5,2002.55,5,0,,1958,Brazil
Brazil,5,2002.6,5,0,,1958,Brazil
Brazil,5,2002.65,5,0,,1958,Brazil
Brazil,5,2002.7,5,0,,1958,Brazil
Brazil,5,2002.75,5,0,,1958,Brazil
Brazil,5,2002.8,5,0,,1958,Brazil
Brazil,5,2002.85,5,0,,1958,Brazil
Brazil,5,2002.9,5,0,,1958,Brazil
Brazil,5,2002.95,5,0,,1958,Brazil
Brazil,5,2006,5,1,,1958,Brazil
Brazil,5,2006.05,5,0,,1958,Brazil
Brazil,5,2006.1,5,0,,1958,Brazil
Brazil,5,2006.15,5,0,,1958,Brazil
Brazil,5,2006.2,5,0,,1958,Brazil
Brazil,5,2006.25,5,0,,1958,Brazil
Brazil,5,2006.3,5,0,,1958,Brazil
Brazil,5,2006.35,5,0,,1958,Brazil
Brazil,5,2006.4,5,0,,1958,Brazil
Brazil,5,2006.45,5,0,,1958,Brazil
Brazil,5,2006.5,5,0,,1958,Brazil
Brazil,5,2006.55,5,0,,1958,Brazil
Brazil,5,2006.6,5,0,,1958,Brazil
Brazil,5,2006.65,5,0,,1958,Brazil
Brazil,5,2006.7,5,0,,1958,Brazil
Brazil,5,2006.75,5,0,,1958,Brazil
Brazil,5,2006.8,5,0,,1958,Brazil
Brazil,5,2006.85,5,0,,1958,Brazil
Brazil,5,2006.9,5,0,,1958,Brazil
Brazil,5,2006.95,5,0,,1958,Brazil
Brazil,5,2010,5,1,,1958,Brazil
Brazil,5,2010.05,5,0,,1958,Brazil
Brazil,5,2010.1,5,0,,1958,Brazil
Brazil,5,2010.15,5,0,,1958,Brazil
Brazil,5,2010.2,5,0,,1958,Brazil
Brazil,5,2010.25,5,0,,1958,Brazil
Brazil,5,2010.3,5,0,,1958,Brazil
Brazil,5,2010.35,5,0,,1958,Brazil
Brazil,5,2010.4,5,0,,1958,Brazil
Brazil,5,2010.45,5,0,,1958,Brazil
Brazil,5,2010.5,5,0,,1958,Brazil
Brazil,5,2010.55,5,0,,1958,Brazil
Brazil,5,2010.6,5,0,,1958,Brazil
Brazil,5,2010.65,5,0,,1958,Brazil
Brazil,5,2010.7,5,0,,1958,Brazil
Brazil,5,2010.75,5,0,,1958,Brazil
Brazil,5,2010.8,5,0,,1958,Brazil
Brazil,5,2010.85,5,0,,1958,Brazil
Brazil,5,2010.9,5,0,,1958,Brazil
Brazil,5,2010.95,5,0,,1958,Brazil
Brazil,5,2014,5,1,,1958,Brazil
Brazil,5,2014.05,5,0,,1958,Brazil
Brazil,5,2014.1,5,0,,1958,Brazil
Brazil,5,2014.15,5,0,,1958,Brazil
Brazil,5,2014.2,5,0,,1958,Brazil
Brazil,5,2014.25,5,0,,1958,Brazil
Brazil,5,2014.3,5,0,,1958,Brazil
Brazil,5,2014.35,5,0,,1958,Brazil
Brazil,5,2014.4,5,0,,1958,Brazil
Brazil,5,2014.45,5,0,,1958,Brazil
Brazil,5,2014.5,5,0,,1958,Brazil
Brazil,5,2014.55,5,0,,1958,Brazil
Brazil,5,2014.6,5,0,,1958,Brazil
Brazil,5,2014.65,5,0,,1958,Brazil
Brazil,5,2014.7,5,0,,1958,Brazil
Brazil,5,2014.75,5,0,,1958,Brazil
Brazil,5,2014.8,5,0,,1958,Brazil
Brazil,5,2014.85,5,0,,1958,Brazil
Brazil,5,2014.9,5,0,,1958,Brazil
Brazil,5,2014.95,5,0,,1958,Brazil
Brazil,5,2018,5,1,,1958,Brazil
Brazil,5,2018.05,5,0,,1958,Brazil
Brazil,5,2018.1,5,0,,1958,Brazil
Brazil,5,2018.15,5,0,,1958,Brazil
Brazil,5,2018.2,5,0,,1958,Brazil
Brazil,5,2018.25,5,0,,1958,Brazil
Brazil,5,2018.3,5,0,,1958,Brazil
Brazil,5,2018.35,5,0,,1958,Brazil
Brazil,5,2018.4,5,0,,1958,Brazil
Brazil,5,2018.45,5,0,,1958,Brazil
Brazil,5,2018.5,5,0,,1958,Brazil
Brazil,5,2018.55,5,0,,1958,Brazil
Brazil,5,2018.6,5,0,,1958,Brazil
Brazil,5,2018.65,5,0,,1958,Brazil
Brazil,5,2018.7,5,0,,1958,Brazil
Brazil,5,2018.75,5,0,,1958,Brazil
Brazil,5,2018.8,5,0,,1958,Brazil
Brazil,5,2018.85,5,0,,1958,Brazil
Brazil,5,2018.9,5,0,,1958,Brazil
Brazil,5,2018.95,5,0,,1958,Brazil
Brazil,5,2022,5,1,,1958,Brazil
Italy,1,1934,1,2,,1934,Italy
Italy,1.05,1934.05,1,0,,1934,Italy
Italy,1.1,1934.1,1.05,0,,1934,Italy
Italy,1.15,1934.15,1.1,0,,1934,Italy
Italy,1.2,1934.2,1.15,0,,1934,Italy
Italy,1.25,1934.25,1.2,0,,1934,Italy
Italy,1.3,1934.3,1.25,0,,1934,Italy
Italy,1.35,1934.35,1.3,0,,1934,Italy
Italy,1.4,1934.4,1.35,0,,1934,Italy
Italy,1.45,1934.45,1.4,0,,1934,Italy
Italy,1.5,1934.5,1.45,0,,1934,Italy
Italy,1.55,1934.55,1.5,0,,1934,Italy
Italy,1.6,1934.6,1.55,0,,1934,Italy
Italy,1.65,1934.65,1.6,0,,1934,Italy
Italy,1.7,1934.7,1.65,0,,1934,Italy
Italy,1.75,1934.75,1.7,0,,1934,Italy
Italy,1.8,1934.8,1.75,0,,1934,Italy
Italy,1.85,1934.85,1.8,0,,1934,Italy
Italy,1.9,1934.9,1.85,0,,1934,Italy
Italy,1.95,1934.95,1.9,0,,1934,Italy
Italy,2,1938,1.95,1,,1934,Italy
Italy,2,1938.05,2,0,,1934,Italy
Italy,2,1938.1,2,0,,1934,Italy
Italy,2,1938.15,2,0,,1934,Italy
Italy,2,1938.2,2,0,,1934,Italy
Italy,2,1938.25,2,0,,1934,Italy
Italy,2,1938.3,2,0,,1934,Italy
Italy,2,1938.35,2,0,,1934,Italy
Italy,2,1938.4,2,0,,1934,Italy
Italy,2,1938.45,2,0,,1934,Italy
Italy,2,1938.5,2,0,,1934,Italy
Italy,2,1938.55,2,0,,1934,Italy
Italy,2,1938.6,2,0,,1934,Italy
Italy,2,1938.65,2,0,,1934,Italy
Italy,2,1938.7,2,0,,1934,Italy
Italy,2,1938.75,2,0,,1934,Italy
Italy,2,1938.8,2,0,,1934,Italy
Italy,2,1938.85,2,0,,1934,Italy
Italy,2,1938.9,2,0,,1934,Italy
Italy,2,1938.95,2,0,,1934,Italy
Italy,2,1942,2,1,,1934,Italy
Italy,2,1942.05,2,0,,1934,Italy
Italy,2,1942.1,2,0,,1934,Italy
Italy,2,1942.15,2,0,,1934,Italy
Italy,2,1942.2,2,0,,1934,Italy
Italy,2,1942.25,2,0,,1934,Italy
Italy,2,1942.3,2,0,,1934,Italy
Italy,2,1942.35,2,0,,1934,Italy
Italy,2,1942.4,2,0,,1934,Italy
Italy,2,1942.45,2,0,,1934,Italy
Italy,2,1942.5,2,0,,1934,Italy
Italy,2,1942.55,2,0,,1934,Italy
Italy,2,1942.6,2,0,,1934,Italy
Italy,2,1942.65,2,0,,1934,Italy
Italy,2,1942.7,2,0,,1934,Italy
Italy,2,1942.75,2,0,,1934,Italy
Italy,2,1942.8,2,0,,1934,Italy
Italy,2,1942.85,2,0,,1934,Italy
Italy,2,1942.9,2,0,,1934,Italy
Italy,2,1942.95,2,0,,1934,Italy
Italy,2,1946,2,1,,1934,Italy
Italy,2,1946.05,2,0,,1934,Italy
Italy,2,1946.1,2,0,,1934,Italy
Italy,2,1946.15,2,0,,1934,Italy
Italy,2,1946.2,2,0,,1934,Italy
Italy,2,1946.25,2,0,,1934,Italy
Italy,2,1946.3,2,0,,1934,Italy
Italy,2,1946.35,2,0,,1934,Italy
Italy,2,1946.4,2,0,,1934,Italy
Italy,2,1946.45,2,0,,1934,Italy
Italy,2,1946.5,2,0,,1934,Italy
Italy,2,1946.55,2,0,,1934,Italy
Italy,2,1946.6,2,0,,1934,Italy
Italy,2,1946.65,2,0,,1934,Italy
Italy,2,1946.7,2,0,,1934,Italy
Italy,2,1946.75,2,0,,1934,Italy
Italy,2,1946.8,2,0,,1934,Italy
Italy,2,1946.85,2,0,,1934,Italy
Italy,2,1946.9,2,0,,1934,Italy
Italy,2,1946.95,2,0,,1934,Italy
Italy,2,1950,2,1,,1934,Italy
Italy,2,1950.05,2,0,,1934,Italy
Italy,2,1950.1,2,0,,1934,Italy
Italy,2,1950.15,2,0,,1934,Italy
Italy,2,1950.2,2,0,,1934,Italy
Italy,2,1950.25,2,0,,1934,Italy
Italy,2,1950.3,2,0,,1934,Italy
Italy,2,1950.35,2,0,,1934,Italy
Italy,2,1950.4,2,0,,1934,Italy
Italy,2,1950.45,2,0,,1934,Italy
Italy,2,1950.5,2,0,,1934,Italy
Italy,2,1950.55,2,0,,1934,Italy
Italy,2,1950.6,2,0,,1934,Italy
Italy,2,1950.65,2,0,,1934,Italy
Italy,2,1950.7,2,0,,1934,Italy
Italy,2,1950.75,2,0,,1934,Italy
Italy,2,1950.8,2,0,,1934,Italy
Italy,2,1950.85,2,0,,1934,Italy
Italy,2,1950.9,2,0,,1934,Italy
Italy,2,1950.95,2,0,,1934,Italy
Italy,2,1954,2,1,,1934,Italy
Italy,2,1954.05,2,0,,1934,Italy
Italy,2,1954.1,2,0,,1934,Italy
Italy,2,1954.15,2,0,,1934,Italy
Italy,2,1954.2,2,0,,1934,Italy
Italy,2,1954.25,2,0,,1934,Italy
Italy,2,1954.3,2,0,,1934,Italy
Italy,2,1954.35,2,0,,1934,Italy
Italy,2,1954.4,2,0,,1934,Italy
Italy,2,1954.45,2,0,,1934,Italy
Italy,2,1954.5,2,0,,1934,Italy
Italy,2,1954.55,2,0,,1934,Italy
Italy,2,1954.6,2,0,,1934,Italy
Italy,2,1954.65,2,0,,1934,Italy
Italy,2,1954.7,2,0,,1934,Italy
Italy,2,1954.75,2,0,,1934,Italy
Italy,2,1954.8,2,0,,1934,Italy
Italy,2,1954.85,2,0,,1934,Italy
Italy,2,1954.9,2,0,,1934,Italy
Italy,2,1954.95,2,0,,1934,Italy
Italy,2,1958,2,1,,1934,Italy
Italy,2,1958.05,2,0,,1934,Italy
Italy,2,1958.1,2,0,,1934,Italy
Italy,2,1958.15,2,0,,1934,Italy
Italy,2,1958.2,2,0,,1934,Italy
Italy,2,1958.25,2,0,,1934,Italy
Italy,2,1958.3,2,0,,1934,Italy
Italy,2,1958.35,2,0,,1934,Italy
Italy,2,1958.4,2,0,,1934,Italy
Italy,2,1958.45,2,0,,1934,Italy
Italy,2,1958.5,2,0,,1934,Italy
Italy,2,1958.55,2,0,,1934,Italy
Italy,2,1958.6,2,0,,1934,Italy
Italy,2,1958.65,2,0,,1934,Italy
Italy,2,1958.7,2,0,,1934,Italy
Italy,2,1958.75,2,0,,1934,Italy
Italy,2,1958.8,2,0,,1934,Italy
Italy,2,1958.85,2,0,,1934,Italy
Italy,2,1958.9,2,0,,1934,Italy
Italy,2,1958.95,2,0,,1934,Italy
Italy,2,1962,2,1,,1934,Italy
Italy,2,1962.05,2,0,,1934,Italy
Italy,2,1962.1,2,0,,1934,Italy
Italy,2,1962.15,2,0,,1934,Italy
Italy,2,1962.2,2,0,,1934,Italy
Italy,2,1962.25,2,0,,1934,Italy
Italy,2,1962.3,2,0,,1934,Italy
Italy,2,1962.35,2,0,,1934,Italy
Italy,2,1962.4,2,0,,1934,Italy
Italy,2,1962.45,2,0,,1934,Italy
Italy,2,1962.5,2,0,,1934,Italy
Italy,2,1962.55,2,0,,1934,Italy
Italy,2,1962.6,2,0,,1934,Italy
Italy,2,1962.65,2,0,,1934,Italy
Italy,2,1962.7,2,0,,1934,Italy
Italy,2,1962.75,2,0,,1934,Italy
Italy,2,1962.8,2,0,,1934,Italy
Italy,2,1962.85,2,0,,1934,Italy
Italy,2,1962.9,2,0,,1934,Italy
Italy,2,1962.95,2,0,,1934,Italy
Italy,2,1966,2,1,,1934,Italy
Italy,2,1966.05,2,0,,1934,Italy
Italy,2,1966.1,2,0,,1934,Italy
Italy,2,1966.15,2,0,,1934,Italy
Italy,2,1966.2,2,0,,1934,Italy
Italy,2,1966.25,2,0,,1934,Italy
Italy,2,1966.3,2,0,,1934,Italy
Italy,2,1966.35,2,0,,1934,Italy
Italy,2,1966.4,2,0,,1934,Italy
Italy,2,1966.45,2,0,,1934,Italy
Italy,2,1966.5,2,0,,1934,Italy
Italy,2,1966.55,2,0,,1934,Italy
Italy,2,1966.6,2,0,,1934,Italy
Italy,2,1966.65,2,0,,1934,Italy
Italy,2,1966.7,2,0,,1934,Italy
Italy,2,1966.75,2,0,,1934,Italy
Italy,2,1966.8,2,0,,1934,Italy
Italy,2,1966.85,2,0,,1934,Italy
Italy,2,1966.9,2,0,,1934,Italy
Italy,2,1966.95,2,0,,1934,Italy
Italy,2,1970,2,2,,1934,Italy
Italy,2,1970.05,2,0,,1934,Italy
Italy,2,1970.1,2,0,,1934,Italy
Italy,2,1970.15,2,0,,1934,Italy
Italy,2,1970.2,2,0,,1934,Italy
Italy,2,1970.25,2,0,,1934,Italy
Italy,2,1970.3,2,0,,1934,Italy
Italy,2,1970.35,2,0,,1934,Italy
Italy,2,1970.4,2,0,,1934,Italy
Italy,2,1970.45,2,0,,1934,Italy
Italy,2,1970.5,2,0,,1934,Italy
Italy,2,1970.55,2,0,,1934,Italy
Italy,2,1970.6,2,0,,1934,Italy
Italy,2,1970.65,2,0,,1934,Italy
Italy,2,1970.7,2,0,,1934,Italy
Italy,2,1970.75,2,0,,1934,Italy
Italy,2,1970.8,2,0,,1934,Italy
Italy,2,1970.85,2,0,,1934,Italy
Italy,2,1970.9,2,0,,1934,Italy
Italy,2,1970.95,2,0,,1934,Italy
Italy,2,1974,2,2,,1934,Italy
Italy,2,1974.05,2,0,,1934,Italy
Italy,2,1974.1,2,0,,1934,Italy
Italy,2,1974.15,2,0,,1934,Italy
Italy,2,1974.2,2,0,,1934,Italy
Italy,2,1974.25,2,0,,1934,Italy
Italy,2,1974.3,2,0,,1934,Italy
Italy,2,1974.35,2,0,,1934,Italy
Italy,2,1974.4,2,0,,1934,Italy
Italy,2,1974.45,2,0,,1934,Italy
Italy,2,1974.5,2,0,,1934,Italy
Italy,2,1974.55,2,0,,1934,Italy
Italy,2,1974.6,2,0,,1934,Italy
Italy,2,1974.65,2,0,,1934,Italy
Italy,2,1974.7,2,0,,1934,Italy
Italy,2,1974.75,2,0,,1934,Italy
Italy,2,1974.8,2,0,,1934,Italy
Italy,2,1974.85,2,0,,1934,Italy
Italy,2,1974.9,2,0,,1934,Italy
Italy,2,1974.95,2,0,,1934,Italy
Italy,2,1978,2,2,,1934,Italy
Italy,2.05,1978.05,2,0,,1934,Italy
Italy,2.1,1978.1,2.05,0,,1934,Italy
Italy,2.15,1978.15,2.1,0,,1934,Italy
Italy,2.2,1978.2,2.15,0,,1934,Italy
Italy,2.25,1978.25,2.2,0,,1934,Italy
Italy,2.3,1978.3,2.25,0,,1934,Italy
Italy,2.35,1978.35,2.3,0,,1934,Italy
Italy,2.4,1978.4,2.35,0,,1934,Italy
Italy,2.45,1978.45,2.4,0,,1934,Italy
Italy,2.5,1978.5,2.45,0,,1934,Italy
Italy,2.55,1978.55,2.5,0,,1934,Italy
Italy,2.6,1978.6,2.55,0,,1934,Italy
Italy,2.65,1978.65,2.6,0,,1934,Italy
Italy,2.7,1978.7,2.65,0,,1934,Italy
Italy,2.75,1978.75,2.7,0,,1934,Italy
Italy,2.8,1978.8,2.75,0,,1934,Italy
Italy,2.85,1978.85,2.8,0,,1934,Italy
Italy,2.9,1978.9,2.85,0,,1934,Italy
Italy,2.95,1978.95,2.9,0,,1934,Italy
Italy,3,1982,2.95,2,,1934,Italy
Italy,3,1982.05,3,0,,1934,Italy
Italy,3,1982.1,3,0,,1934,Italy
Italy,3,1982.15,3,0,,1934,Italy
Italy,3,1982.2,3,0,,1934,Italy
Italy,3,1982.25,3,0,,1934,Italy
Italy,3,1982.3,3,0,,1934,Italy
Italy,3,1982.35,3,0,,1934,Italy
Italy,3,1982.4,3,0,,1934,Italy
Italy,3,1982.45,3,0,,1934,Italy
Italy,3,1982.5,3,0,,1934,Italy
Italy,3,1982.55,3,0,,1934,Italy
Italy,3,1982.6,3,0,,1934,Italy
Italy,3,1982.65,3,0,,1934,Italy
Italy,3,1982.7,3,0,,1934,Italy
Italy,3,1982.75,3,0,,1934,Italy
Italy,3,1982.8,3,0,,1934,Italy
Italy,3,1982.85,3,0,,1934,Italy
Italy,3,1982.9,3,0,,1934,Italy
Italy,3,1982.95,3,0,,1934,Italy
Italy,3,1986,3,2,,1934,Italy
Italy,3,1986.05,3,0,,1934,Italy
Italy,3,1986.1,3,0,,1934,Italy
Italy,3,1986.15,3,0,,1934,Italy
Italy,3,1986.2,3,0,,1934,Italy
Italy,3,1986.25,3,0,,1934,Italy
Italy,3,1986.3,3,0,,1934,Italy
Italy,3,1986.35,3,0,,1934,Italy
Italy,3,1986.4,3,0,,1934,Italy
Italy,3,1986.45,3,0,,1934,Italy
Italy,3,1986.5,3,0,,1934,Italy
Italy,3,1986.55,3,0,,1934,Italy
Italy,3,1986.6,3,0,,1934,Italy
Italy,3,1986.65,3,0,,1934,Italy
Italy,3,1986.7,3,0,,1934,Italy
Italy,3,1986.75,3,0,,1934,Italy
Italy,3,1986.8,3,0,,1934,Italy
Italy,3,1986.85,3,0,,1934,Italy
Italy,3,1986.9,3,0,,1934,Italy
Italy,3,1986.95,3,0,,1934,Italy
Italy,3,1990,3,2,,1934,Italy
Italy,3,1990.05,3,0,,1934,Italy
Italy,3,1990.1,3,0,,1934,Italy
Italy,3,1990.15,3,0,,1934,Italy
Italy,3,1990.2,3,0,,1934,Italy
Italy,3,1990.25,3,0,,1934,Italy
Italy,3,1990.3,3,0,,1934,Italy
Italy,3,1990.35,3,0,,1934,Italy
Italy,3,1990.4,3,0,,1934,Italy
Italy,3,1990.45,3,0,,1934,Italy
Italy,3,1990.5,3,0,,1934,Italy
Italy,3,1990.55,3,0,,1934,Italy
Italy,3,1990.6,3,0,,1934,Italy
Italy,3,1990.65,3,0,,1934,Italy
Italy,3,1990.7,3,0,,1934,Italy
Italy,3,1990.75,3,0,,1934,Italy
Italy,3,1990.8,3,0,,1934,Italy
Italy,3,1990.85,3,0,,1934,Italy
Italy,3,1990.9,3,0,,1934,Italy
Italy,3,1990.95,3,0,,1934,Italy
Italy,3,1994,3,2,,1934,Italy
Italy,3,1994.05,3,0,,1934,Italy
Italy,3,1994.1,3,0,,1934,Italy
Italy,3,1994.15,3,0,,1934,Italy
Italy,3,1994.2,3,0,,1934,Italy
Italy,3,1994.25,3,0,,1934,Italy
Italy,3,1994.3,3,0,,1934,Italy
Italy,3,1994.35,3,0,,1934,Italy
Italy,3,1994.4,3,0,,1934,Italy
Italy,3,1994.45,3,0,,1934,Italy
Italy,3,1994.5,3,0,,1934,Italy
Italy,3,1994.55,3,0,,1934,Italy
Italy,3,1994.6,3,0,,1934,Italy
Italy,3,1994.65,3,0,,1934,Italy
Italy,3,1994.7,3,0,,1934,Italy
Italy,3,1994.75,3,0,,1934,Italy
Italy,3,1994.8,3,0,,1934,Italy
Italy,3,1994.85,3,0,,1934,Italy
Italy,3,1994.9,3,0,,1934,Italy
Italy,3,1994.95,3,0,,1934,Italy
Italy,3,1998,3,2,,1934,Italy
Italy,3,1998.05,3,0,,1934,Italy
Italy,3,1998.1,3,0,,1934,Italy
Italy,3,1998.15,3,0,,1934,Italy
Italy,3,1998.2,3,0,,1934,Italy
Italy,3,1998.25,3,0,,1934,Italy
Italy,3,1998.3,3,0,,1934,Italy
Italy,3,1998.35,3,0,,1934,Italy
Italy,3,1998.4,3,0,,1934,Italy
Italy,3,1998.45,3,0,,1934,Italy
Italy,3,1998.5,3,0,,1934,Italy
Italy,3,1998.55,3,0,,1934,Italy
Italy,3,1998.6,3,0,,1934,Italy
Italy,3,1998.65,3,0,,1934,Italy
Italy,3,1998.7,3,0,,1934,Italy
Italy,3,1998.75,3,0,,1934,Italy
Italy,3,1998.8,3,0,,1934,Italy
Italy,3,1998.85,3,0,,1934,Italy
Italy,3,1998.9,3,0,,1934,Italy
Italy,3,1998.95,3,0,,1934,Italy
Italy,3,2002,3,2,,1934,Italy
Italy,3.05,2002.05,3,0,,1934,Italy
Italy,3.1,2002.1,3.05,0,,1934,Italy
Italy,3.15,2002.15,3.1,0,,1934,Italy
Italy,3.2,2002.2,3.15,0,,1934,Italy
Italy,3.25,2002.25,3.2,0,,1934,Italy
Italy,3.3,2002.3,3.25,0,,1934,Italy
Italy,3.35,2002.35,3.3,0,,1934,Italy
Italy,3.4,2002.4,3.35,0,,1934,Italy
Italy,3.45,2002.45,3.4,0,,1934,Italy
Italy,3.5,2002.5,3.45,0,,1934,Italy
Italy,3.55,2002.55,3.5,0,,1934,Italy
Italy,3.6,2002.6,3.55,0,,1934,Italy
Italy,3.65,2002.65,3.6,0,,1934,Italy
Italy,3.7,2002.7,3.65,0,,1934,Italy
Italy,3.75,2002.75,3.7,0,,1934,Italy
Italy,3.8,2002.8,3.75,0,,1934,Italy
Italy,3.85,2002.85,3.8,0,,1934,Italy
Italy,3.9,2002.9,3.85,0,,1934,Italy
Italy,3.95,2002.95,3.9,0,,1934,Italy
Italy,4,2006,3.95,2,,1934,Italy
Italy,4,2006.05,4,0,,1934,Italy
Italy,4,2006.1,4,0,,1934,Italy
Italy,4,2006.15,4,0,,1934,Italy
Italy,4,2006.2,4,0,,1934,Italy
Italy,4,2006.25,4,0,,1934,Italy
Italy,4,2006.3,4,0,,1934,Italy
Italy,4,2006.35,4,0,,1934,Italy
Italy,4,2006.4,4,0,,1934,Italy
Italy,4,2006.45,4,0,,1934,Italy
Italy,4,2006.5,4,0,,1934,Italy
Italy,4,2006.55,4,0,,1934,Italy
Italy,4,2006.6,4,0,,1934,Italy
Italy,4,2006.65,4,0,,1934,Italy
Italy,4,2006.7,4,0,,1934,Italy
Italy,4,2006.75,4,0,,1934,Italy
Italy,4,2006.8,4,0,,1934,Italy
Italy,4,2006.85,4,0,,1934,Italy
Italy,4,2006.9,4,0,,1934,Italy
Italy,4,2006.95,4,0,,1934,Italy
Italy,4,2010,4,2,,1934,Italy
Italy,4,2010.05,4,0,,1934,Italy
Italy,4,2010.1,4,0,,1934,Italy
Italy,4,2010.15,4,0,,1934,Italy
Italy,4,2010.2,4,0,,1934,Italy
Italy,4,2010.25,4,0,,1934,Italy
Italy,4,2010.3,4,0,,1934,Italy
Italy,4,2010.35,4,0,,1934,Italy
Italy,4,2010.4,4,0,,1934,Italy
Italy,4,2010.45,4,0,,1934,Italy
Italy,4,2010.5,4,0,,1934,Italy
Italy,4,2010.55,4,0,,1934,Italy
Italy,4,2010.6,4,0,,1934,Italy
Italy,4,2010.65,4,0,,1934,Italy
Italy,4,2010.7,4,0,,1934,Italy
Italy,4,2010.75,4,0,,1934,Italy
Italy,4,2010.8,4,0,,1934,Italy
Italy,4,2010.85,4,0,,1934,Italy
Italy,4,2010.9,4,0,,1934,Italy
Italy,4,2010.95,4,0,,1934,Italy
Italy,4,2014,4,2,,1934,Italy
Italy,4,2014.05,4,0,,1934,Italy
Italy,4,2014.1,4,0,,1934,Italy
Italy,4,2014.15,4,0,,1934,Italy
Italy,4,2014.2,4,0,,1934,Italy
Italy,4,2014.25,4,0,,1934,Italy
Italy,4,2014.3,4,0,,1934,Italy
Italy,4,2014.35,4,0,,1934,Italy
Italy,4,2014.4,4,0,,1934,Italy
Italy,4,2014.45,4,0,,1934,Italy
Italy,4,2014.5,4,0,,1934,Italy
Italy,4,2014.55,4,0,,1934,Italy
Italy,4,2014.6,4,0,,1934,Italy
Italy,4,2014.65,4,0,,1934,Italy
Italy,4,2014.7,4,0,,1934,Italy
Italy,4,2014.75,4,0,,1934,Italy
Italy,4,2014.8,4,0,,1934,Italy
Italy,4,2014.85,4,0,,1934,Italy
Italy,4,2014.9,4,0,,1934,Italy
Italy,4,2014.95,4,0,,1934,Italy
Italy,4,2018,4,2,,1934,Italy
Italy,4,2018.05,4,0,,1934,Italy
Italy,4,2018.1,4,0,,1934,Italy
Italy,4,2018.15,4,0,,1934,Italy
Italy,4,2018.2,4,0,,1934,Italy
Italy,4,2018.25,4,0,,1934,Italy
Italy,4,2018.3,4,0,,1934,Italy
Italy,4,2018.35,4,0,,1934,Italy
Italy,4,2018.4,4,0,,1934,Italy
Italy,4,2018.45,4,0,,1934,Italy
Italy,4,2018.5,4,0,,1934,Italy
Italy,4,2018.55,4,0,,1934,Italy
Italy,4,2018.6,4,0,,1934,Italy
Italy,4,2018.65,4,0,,1934,Italy
Italy,4,2018.7,4,0,,1934,Italy
Italy,4,2018.75,4,0,,1934,Italy
Italy,4,2018.8,4,0,,1934,Italy
Italy,4,2018.85,4,0,,1934,Italy
Italy,4,2018.9,4,0,,1934,Italy
Italy,4,2018.95,4,0,,1934,Italy
Italy,4,2022,4,2,,1934,Italy
Germany,3,1990,3,3,,1990,Germany
Germany,3,1990.05,3,0,,1990,Germany
Germany,3,1990.1,3,0,,1990,Germany
Germany,3,1990.15,3,0,,1990,Germany
Germany,3,1990.2,3,0,,1990,Germany
Germany,3,1990.25,3,0,,1990,Germany
Germany,3,1990.3,3,0,,1990,Germany
Germany,3,1990.35,3,0,,1990,Germany
Germany,3,1990.4,3,0,,1990,Germany
Germany,3,1990.45,3,0,,1990,Germany
Germany,3,1990.5,3,0,,1990,Germany
Germany,3,1990.55,3,0,,1990,Germany
Germany,3,1990.6,3,0,,1990,Germany
Germany,3,1990.65,3,0,,1990,Germany
Germany,3,1990.7,3,0,,1990,Germany
Germany,3,1990.75,3,0,,1990,Germany
Germany,3,1990.8,3,0,,1990,Germany
Germany,3,1990.85,3,0,,1990,Germany
Germany,3,1990.9,3,0,,1990,Germany
Germany,3,1990.95,3,0,,1990,Germany
Germany,3,1994,3,3,,1990,Germany
Germany,3,1994.05,3,0,,1990,Germany
Germany,3,1994.1,3,0,,1990,Germany
Germany,3,1994.15,3,0,,1990,Germany
Germany,3,1994.2,3,0,,1990,Germany
Germany,3,1994.25,3,0,,1990,Germany
Germany,3,1994.3,3,0,,1990,Germany
Germany,3,1994.35,3,0,,1990,Germany
Germany,3,1994.4,3,0,,1990,Germany
Germany,3,1994.45,3,0,,1990,Germany
Germany,3,1994.5,3,0,,1990,Germany
Germany,3,1994.55,3,0,,1990,Germany
Germany,3,1994.6,3,0,,1990,Germany
Germany,3,1994.65,3,0,,1990,Germany
Germany,3,1994.7,3,0,,1990,Germany
Germany,3,1994.75,3,0,,1990,Germany
Germany,3,1994.8,3,0,,1990,Germany
Germany,3,1994.85,3,0,,1990,Germany
Germany,3,1994.9,3,0,,1990,Germany
Germany,3,1994.95,3,0,,1990,Germany
Germany,3,1998,3,3,,1990,Germany
Germany,3,1998.05,3,0,,1990,Germany
Germany,3,1998.1,3,0,,1990,Germany
Germany,3,1998.15,3,0,,1990,Germany
Germany,3,1998.2,3,0,,1990,Germany
Germany,3,1998.25,3,0,,1990,Germany
Germany,3,1998.3,3,0,,1990,Germany
Germany,3,1998.35,3,0,,1990,Germany
Germany,3,1998.4,3,0,,1990,Germany
Germany,3,1998.45,3,0,,1990,Germany
Germany,3,1998.5,3,0,,1990,Germany
Germany,3,1998.55,3,0,,1990,Germany
Germany,3,1998.6,3,0,,1990,Germany
Germany,3,1998.65,3,0,,1990,Germany
Germany,3,1998.7,3,0,,1990,Germany
Germany,3,1998.75,3,0,,1990,Germany
Germany,3,1998.8,3,0,,1990,Germany
Germany,3,1998.85,3,0,,1990,Germany
Germany,3,1998.9,3,0,,1990,Germany
Germany,3,1998.95,3,0,,1990,Germany
Germany,3,2002,3,3,,1990,Germany
Germany,3,2002.05,3,0,,1990,Germany
Germany,3,2002.1,3,0,,1990,Germany
Germany,3,2002.15,3,0,,1990,Germany
Germany,3,2002.2,3,0,,1990,Germany
Germany,3,2002.25,3,0,,1990,Germany
Germany,3,2002.3,3,0,,1990,Germany
Germany,3,2002.35,3,0,,1990,Germany
Germany,3,2002.4,3,0,,1990,Germany
Germany,3,2002.45,3,0,,1990,Germany
Germany,3,2002.5,3,0,,1990,Germany
Germany,3,2002.55,3,0,,1990,Germany
Germany,3,2002.6,3,0,,1990,Germany
Germany,3,2002.65,3,0,,1990,Germany
Germany,3,2002.7,3,0,,1990,Germany
Germany,3,2002.75,3,0,,1990,Germany
Germany,3,2002.8,3,0,,1990,Germany
Germany,3,2002.85,3,0,,1990,Germany
Germany,3,2002.9,3,0,,1990,Germany
Germany,3,2002.95,3,0,,1990,Germany
Germany,3,2006,3,3,,1990,Germany
Germany,3,2006.05,3,0,,1990,Germany
Germany,3,2006.1,3,0,,1990,Germany
Germany,3,2006.15,3,0,,1990,Germany
Germany,3,2006.2,3,0,,1990,Germany
Germany,3,2006.25,3,0,,1990,Germany
Germany,3,2006.3,3,0,,1990,Germany
Germany,3,2006.35,3,0,,1990,Germany
Germany,3,2006.4,3,0,,1990,Germany
Germany,3,2006.45,3,0,,1990,Germany
Germany,3,2006.5,3,0,,1990,Germany
Germany,3,2006.55,3,0,,1990,Germany
Germany,3,2006.6,3,0,,1990,Germany
Germany,3,2006.65,3,0,,1990,Germany
Germany,3,2006.7,3,0,,1990,Germany
Germany,3,2006.75,3,0,,1990,Germany
Germany,3,2006.8,3,0,,1990,Germany
Germany,3,2006.85,3,0,,1990,Germany
Germany,3,2006.9,3,0,,1990,Germany
Germany,3,2006.95,3,0,,1990,Germany
Germany,3,2010,3,3,,1990,Germany
Germany,3.05,2010.05,3,0,,1990,Germany
Germany,3.1,2010.1,3.05,0,,1990,Germany
Germany,3.15,2010.15,3.1,0,,1990,Germany
Germany,3.2,2010.2,3.15,0,,1990,Germany
Germany,3.25,2010.25,3.2,0,,1990,Germany
Germany,3.3,2010.3,3.25,0,,1990,Germany
Germany,3.35,2010.35,3.3,0,,1990,Germany
Germany,3.4,2010.4,3.35,0,,1990,Germany
Germany,3.45,2010.45,3.4,0,,1990,Germany
Germany,3.5,2010.5,3.45,0,,1990,Germany
Germany,3.55,2010.55,3.5,0,,1990,Germany
Germany,3.6,2010.6,3.55,0,,1990,Germany
Germany,3.65,2010.65,3.6,0,,1990,Germany
Germany,3.7,2010.7,3.65,0,,1990,Germany
Germany,3.75,2010.75,3.7,0,,1990,Germany
Germany,3.8,2010.8,3.75,0,,1990,Germany
Germany,3.85,2010.85,3.8,0,,1990,Germany
Germany,3.9,2010.9,3.85,0,,1990,Germany
Germany,3.95,2010.95,3.9,0,,1990,Germany
Germany,4,2014,3.95,3,,1990,Germany
Germany,4,2014.05,4,0,,1990,Germany
Germany,4,2014.1,4,0,,1990,Germany
Germany,4,2014.15,4,0,,1990,Germany
Germany,4,2014.2,4,0,,1990,Germany
Germany,4,2014.25,4,0,,1990,Germany
Germany,4,2014.3,4,0,,1990,Germany
Germany,4,2014.35,4,0,,1990,Germany
Germany,4,2014.4,4,0,,1990,Germany
Germany,4,2014.45,4,0,,1990,Germany
Germany,4,2014.5,4,0,,1990,Germany
Germany,4,2014.55,4,0,,1990,Germany
Germany,4,2014.6,4,0,,1990,Germany
Germany,4,2014.65,4,0,,1990,Germany
Germany,4,2014.7,4,0,,1990,Germany
Germany,4,2014.75,4,0,,1990,Germany
Germany,4,2014.8,4,0,,1990,Germany
Germany,4,2014.85,4,0,,1990,Germany
Germany,4,2014.9,4,0,,1990,Germany
Germany,4,2014.95,4,0,,1990,Germany
Germany,4,2018,4,3,,1990,Germany
Germany,4,2018.05,4,0,,1990,Germany
Germany,4,2018.1,4,0,,1990,Germany
Germany,4,2018.15,4,0,,1990,Germany
Germany,4,2018.2,4,0,,1990,Germany
Germany,4,2018.25,4,0,,1990,Germany
Germany,4,2018.3,4,0,,1990,Germany
Germany,4,2018.35,4,0,,1990,Germany
Germany,4,2018.4,4,0,,1990,Germany
Germany,4,2018.45,4,0,,1990,Germany
Germany,4,2018.5,4,0,,1990,Germany
Germany,4,2018.55,4,0,,1990,Germany
Germany,4,2018.6,4,0,,1990,Germany
Germany,4,2018.65,4,0,,1990,Germany
Germany,4,2018.7,4,0,,1990,Germany
Germany,4,2018.75,4,0,,1990,Germany
Germany,4,2018.8,4,0,,1990,Germany
Germany,4,2018.85,4,0,,1990,Germany
Germany,4,2018.9,4,0,,1990,Germany
Germany,4,2018.95,4,0,,1990,Germany
Germany,4,2022,4,3,,1990,Germany
Argentina,1,1978,1,6,,1978,Argentina
Argentina,1,1978.05,1,0,,1978,Argentina
Argentina,1,1978.1,1,0,,1978,Argentina
Argentina,1,1978.15,1,0,,1978,Argentina
Argentina,1,1978.2,1,0,,1978,Argentina
Argentina,1,1978.25,1,0,,1978,Argentina
Argentina,1,1978.3,1,0,,1978,Argentina
Argentina,1,1978.35,1,0,,1978,Argentina
Argentina,1,1978.4,1,0,,1978,Argentina
Argentina,1,1978.45,1,0,,1978,Argentina
Argentina,1,1978.5,1,0,,1978,Argentina
Argentina,1,1978.55,1,0,,1978,Argentina
Argentina,1,1978.6,1,0,,1978,Argentina
Argentina,1,1978.65,1,0,,1978,Argentina
Argentina,1,1978.7,1,0,,1978,Argentina
Argentina,1,1978.75,1,0,,1978,Argentina
Argentina,1,1978.8,1,0,,1978,Argentina
Argentina,1,1978.85,1,0,,1978,Argentina
Argentina,1,1978.9,1,0,,1978,Argentina
Argentina,1,1978.95,1,0,,1978,Argentina
Argentina,1,1982,1,6,,1978,Argentina
Argentina,1.05,1982.05,1,0,,1978,Argentina
Argentina,1.1,1982.1,1.05,0,,1978,Argentina
Argentina,1.15,1982.15,1.1,0,,1978,Argentina
Argentina,1.2,1982.2,1.15,0,,1978,Argentina
Argentina,1.25,1982.25,1.2,0,,1978,Argentina
Argentina,1.3,1982.3,1.25,0,,1978,Argentina
Argentina,1.35,1982.35,1.3,0,,1978,Argentina
Argentina,1.4,1982.4,1.35,0,,1978,Argentina
Argentina,1.45,1982.45,1.4,0,,1978,Argentina
Argentina,1.5,1982.5,1.45,0,,1978,Argentina
Argentina,1.55,1982.55,1.5,0,,1978,Argentina
Argentina,1.6,1982.6,1.55,0,,1978,Argentina
Argentina,1.65,1982.65,1.6,0,,1978,Argentina
Argentina,1.7,1982.7,1.65,0,,1978,Argentina
Argentina,1.75,1982.75,1.7,0,,1978,Argentina
Argentina,1.8,1982.8,1.75,0,,1978,Argentina
Argentina,1.85,1982.85,1.8,0,,1978,Argentina
Argentina,1.9,1982.9,1.85,0,,1978,Argentina
Argentina,1.95,1982.95,1.9,0,,1978,Argentina
Argentina,2,1986,1.95,5,,1978,Argentina
Argentina,2,1986.05,2,0,,1978,Argentina
Argentina,2,1986.1,2,0,,1978,Argentina
Argentina,2,1986.15,2,0,,1978,Argentina
Argentina,2,1986.2,2,0,,1978,Argentina
Argentina,2,1986.25,2,0,,1978,Argentina
Argentina,2,1986.3,2,0,,1978,Argentina
Argentina,2,1986.35,2,0,,1978,Argentina
Argentina,2,1986.4,2,0,,1978,Argentina
Argentina,2,1986.45,2,0,,1978,Argentina
Argentina,2,1986.5,2,0,,1978,Argentina
Argentina,2,1986.55,2,0,,1978,Argentina
Argentina,2,1986.6,2,0,,1978,Argentina
Argentina,2,1986.65,2,0,,1978,Argentina
Argentina,2,1986.7,2,0,,1978,Argentina
Argentina,2,1986.75,2,0,,1978,Argentina
Argentina,2,1986.8,2,0,,1978,Argentina
Argentina,2,1986.85,2,0,,1978,Argentina
Argentina,2,1986.9,2,0,,1978,Argentina
Argentina,2,1986.95,2,0,,1978,Argentina
Argentina,2,1990,2,5,,1978,Argentina
Argentina,2,1990.05,2,0,,1978,Argentina
Argentina,2,1990.1,2,0,,1978,Argentina
Argentina,2,1990.15,2,0,,1978,Argentina
Argentina,2,1990.2,2,0,,1978,Argentina
Argentina,2,1990.25,2,0,,1978,Argentina
Argentina,2,1990.3,2,0,,1978,Argentina
Argentina,2,1990.35,2,0,,1978,Argentina
Argentina,2,1990.4,2,0,,1978,Argentina
Argentina,2,1990.45,2,0,,1978,Argentina
Argentina,2,1990.5,2,0,,1978,Argentina
Argentina,2,1990.55,2,0,,1978,Argentina
Argentina,2,1990.6,2,0,,1978,Argentina
Argentina,2,1990.65,2,0,,1978,Argentina
Argentina,2,1990.7,2,0,,1978,Argentina
Argentina,2,1990.75,2,0,,1978,Argentina
Argentina,2,1990.8,2,0,,1978,Argentina
Argentina,2,1990.85,2,0,,1978,Argentina
Argentina,2,1990.9,2,0,,1978,Argentina
Argentina,2,1990.95,2,0,,1978,Argentina
Argentina,2,1994,2,5,,1978,Argentina
Argentina,2,1994.05,2,0,,1978,Argentina
Argentina,2,1994.1,2,0,,1978,Argentina
Argentina,2,1994.15,2,0,,1978,Argentina
Argentina,2,1994.2,2,0,,1978,Argentina
Argentina,2,1994.25,2,0,,1978,Argentina
Argentina,2,1994.3,2,0,,1978,Argentina
Argentina,2,1994.35,2,0,,1978,Argentina
Argentina,2,1994.4,2,0,,1978,Argentina
Argentina,2,1994.45,2,0,,1978,Argentina
Argentina,2,1994.5,2,0,,1978,Argentina
Argentina,2,1994.55,2,0,,1978,Argentina
Argentina,2,1994.6,2,0,,1978,Argentina
Argentina,2,1994.65,2,0,,1978,Argentina
Argentina,2,1994.7,2,0,,1978,Argentina
Argentina,2,1994.75,2,0,,1978,Argentina
Argentina,2,1994.8,2,0,,1978,Argentina
Argentina,2,1994.85,2,0,,1978,Argentina
Argentina,2,1994.9,2,0,,1978,Argentina
Argentina,2,1994.95,2,0,,1978,Argentina
Argentina,2,1998,2,5,,1978,Argentina
Argentina,2,1998.05,2,0,,1978,Argentina
Argentina,2,1998.1,2,0,,1978,Argentina
Argentina,2,1998.15,2,0,,1978,Argentina
Argentina,2,1998.2,2,0,,1978,Argentina
Argentina,2,1998.25,2,0,,1978,Argentina
Argentina,2,1998.3,2,0,,1978,Argentina
Argentina,2,1998.35,2,0,,1978,Argentina
Argentina,2,1998.4,2,0,,1978,Argentina
Argentina,2,1998.45,2,0,,1978,Argentina
Argentina,2,1998.5,2,0,,1978,Argentina
Argentina,2,1998.55,2,0,,1978,Argentina
Argentina,2,1998.6,2,0,,1978,Argentina
Argentina,2,1998.65,2,0,,1978,Argentina
Argentina,2,1998.7,2,0,,1978,Argentina
Argentina,2,1998.75,2,0,,1978,Argentina
Argentina,2,1998.8,2,0,,1978,Argentina
Argentina,2,1998.85,2,0,,1978,Argentina
Argentina,2,1998.9,2,0,,1978,Argentina
Argentina,2,1998.95,2,0,,1978,Argentina
Argentina,2,2002,2,5,,1978,Argentina
Argentina,2,2002.05,2,0,,1978,Argentina
Argentina,2,2002.1,2,0,,1978,Argentina
Argentina,2,2002.15,2,0,,1978,Argentina
Argentina,2,2002.2,2,0,,1978,Argentina
Argentina,2,2002.25,2,0,,1978,Argentina
Argentina,2,2002.3,2,0,,1978,Argentina
Argentina,2,2002.35,2,0,,1978,Argentina
Argentina,2,2002.4,2,0,,1978,Argentina
Argentina,2,2002.45,2,0,,1978,Argentina
Argentina,2,2002.5,2,0,,1978,Argentina
Argentina,2,2002.55,2,0,,1978,Argentina
Argentina,2,2002.6,2,0,,1978,Argentina
Argentina,2,2002.65,2,0,,1978,Argentina
Argentina,2,2002.7,2,0,,1978,Argentina
Argentina,2,2002.75,2,0,,1978,Argentina
Argentina,2,2002.8,2,0,,1978,Argentina
Argentina,2,2002.85,2,0,,1978,Argentina
Argentina,2,2002.9,2,0,,1978,Argentina
Argentina,2,2002.95,2,0,,1978,Argentina
Argentina,2,2006,2,5,,1978,Argentina
Argentina,2,2006.05,2,0,,1978,Argentina
Argentina,2,2006.1,2,0,,1978,Argentina
Argentina,2,2006.15,2,0,,1978,Argentina
Argentina,2,2006.2,2,0,,1978,Argentina
Argentina,2,2006.25,2,0,,1978,Argentina
Argentina,2,2006.3,2,0,,1978,Argentina
Argentina,2,2006.35,2,0,,1978,Argentina
Argentina,2,2006.4,2,0,,1978,Argentina
Argentina,2,2006.45,2,0,,1978,Argentina
Argentina,2,2006.5,2,0,,1978,Argentina
Argentina,2,2006.55,2,0,,1978,Argentina
Argentina,2,2006.6,2,0,,1978,Argentina
Argentina,2,2006.65,2,0,,1978,Argentina
Argentina,2,2006.7,2,0,,1978,Argentina
Argentina,2,2006.75,2,0,,1978,Argentina
Argentina,2,2006.8,2,0,,1978,Argentina
Argentina,2,2006.85,2,0,,1978,Argentina
Argentina,2,2006.9,2,0,,1978,Argentina
Argentina,2,2006.95,2,0,,1978,Argentina
Argentina,2,2010,2,5,,1978,Argentina
Argentina,2,2010.05,2,0,,1978,Argentina
Argentina,2,2010.1,2,0,,1978,Argentina
Argentina,2,2010.15,2,0,,1978,Argentina
Argentina,2,2010.2,2,0,,1978,Argentina
Argentina,2,2010.25,2,0,,1978,Argentina
Argentina,2,2010.3,2,0,,1978,Argentina
Argentina,2,2010.35,2,0,,1978,Argentina
Argentina,2,2010.4,2,0,,1978,Argentina
Argentina,2,2010.45,2,0,,1978,Argentina
Argentina,2,2010.5,2,0,,1978,Argentina
Argentina,2,2010.55,2,0,,1978,Argentina
Argentina,2,2010.6,2,0,,1978,Argentina
Argentina,2,2010.65,2,0,,1978,Argentina
Argentina,2,2010.7,2,0,,1978,Argentina
Argentina,2,2010.75,2,0,,1978,Argentina
Argentina,2,2010.8,2,0,,1978,Argentina
Argentina,2,2010.85,2,0,,1978,Argentina
Argentina,2,2010.9,2,0,,1978,Argentina
Argentina,2,2010.95,2,0,,1978,Argentina
Argentina,2,2014,2,5,,1978,Argentina
Argentina,2,2014.05,2,0,,1978,Argentina
Argentina,2,2014.1,2,0,,1978,Argentina
Argentina,2,2014.15,2,0,,1978,Argentina
Argentina,2,2014.2,2,0,,1978,Argentina
Argentina,2,2014.25,2,0,,1978,Argentina
Argentina,2,2014.3,2,0,,1978,Argentina
Argentina,2,2014.35,2,0,,1978,Argentina
Argentina,2,2014.4,2,0,,1978,Argentina
Argentina,2,2014.45,2,0,,1978,Argentina
Argentina,2,2014.5,2,0,,1978,Argentina
Argentina,2,2014.55,2,0,,1978,Argentina
Argentina,2,2014.6,2,0,,1978,Argentina
Argentina,2,2014.65,2,0,,1978,Argentina
Argentina,2,2014.7,2,0,,1978,Argentina
Argentina,2,2014.75,2,0,,1978,Argentina
Argentina,2,2014.8,2,0,,1978,Argentina
Argentina,2,2014.85,2,0,,1978,Argentina
Argentina,2,2014.9,2,0,,1978,Argentina
Argentina,2,2014.95,2,0,,1978,Argentina
Argentina,2,2018,2,5,,1978,Argentina
Argentina,2.05,2018.05,2,0,,1978,Argentina
Argentina,2.1,2018.1,2.05,0,,1978,Argentina
Argentina,2.15,2018.15,2.1,0,,1978,Argentina
Argentina,2.2,2018.2,2.15,0,,1978,Argentina
Argentina,2.25,2018.25,2.2,0,,1978,Argentina
Argentina,2.3,2018.3,2.25,0,,1978,Argentina
Argentina,2.35,2018.35,2.3,0,,1978,Argentina
Argentina,2.4,2018.4,2.35,0,,1978,Argentina
Argentina,2.45,2018.45,2.4,0,,1978,Argentina
Argentina,2.5,2018.5,2.45,0,,1978,Argentina
Argentina,2.55,2018.55,2.5,0,,1978,Argentina
Argentina,2.6,2018.6,2.55,0,,1978,Argentina
Argentina,2.65,2018.65,2.6,0,,1978,Argentina
Argentina,2.7,2018.7,2.65,0,,1978,Argentina
Argentina,2.75,2018.75,2.7,0,,1978,Argentina
Argentina,2.8,2018.8,2.75,0,,1978,Argentina
Argentina,2.85,2018.85,2.8,0,,1978,Argentina
Argentina,2.9,2018.9,2.85,0,,1978,Argentina
Argentina,2.95,2018.95,2.9,0,,1978,Argentina
Argentina,3,2022,2.95,4,,1978,Argentina
Uruguay,1,1930,1,1,,1930,Uruguay
Uruguay,1,1930.05,1,0,,1930,Uruguay
Uruguay,1,1930.1,1,0,,1930,Uruguay
Uruguay,1,1930.15,1,0,,1930,Uruguay
Uruguay,1,1930.2,1,0,,1930,Uruguay
Uruguay,1,1930.25,1,0,,1930,Uruguay
Uruguay,1,1930.3,1,0,,1930,Uruguay
Uruguay,1,1930.35,1,0,,1930,Uruguay
Uruguay,1,1930.4,1,0,,1930,Uruguay
Uruguay,1,1930.45,1,0,,1930,Uruguay
Uruguay,1,1930.5,1,0,,1930,Uruguay
Uruguay,1,1930.55,1,0,,1930,Uruguay
Uruguay,1,1930.6,1,0,,1930,Uruguay
Uruguay,1,1930.65,1,0,,1930,Uruguay
Uruguay,1,1930.7,1,0,,1930,Uruguay
Uruguay,1,1930.75,1,0,,1930,Uruguay
Uruguay,1,1930.8,1,0,,1930,Uruguay
Uruguay,1,1930.85,1,0,,1930,Uruguay
Uruguay,1,1930.9,1,0,,1930,Uruguay
Uruguay,1,1930.95,1,0,,1930,Uruguay
Uruguay,1,1934,1,1,,1930,Uruguay
Uruguay,1,1934.05,1,0,,1930,Uruguay
Uruguay,1,1934.1,1,0,,1930,Uruguay
Uruguay,1,1934.15,1,0,,1930,Uruguay
Uruguay,1,1934.2,1,0,,1930,Uruguay
Uruguay,1,1934.25,1,0,,1930,Uruguay
Uruguay,1,1934.3,1,0,,1930,Uruguay
Uruguay,1,1934.35,1,0,,1930,Uruguay
Uruguay,1,1934.4,1,0,,1930,Uruguay
Uruguay,1,1934.45,1,0,,1930,Uruguay
Uruguay,1,1934.5,1,0,,1930,Uruguay
Uruguay,1,1934.55,1,0,,1930,Uruguay
Uruguay,1,1934.6,1,0,,1930,Uruguay
Uruguay,1,1934.65,1,0,,1930,Uruguay
Uruguay,1,1934.7,1,0,,1930,Uruguay
Uruguay,1,1934.75,1,0,,1930,Uruguay
Uruguay,1,1934.8,1,0,,1930,Uruguay
Uruguay,1,1934.85,1,0,,1930,Uruguay
Uruguay,1,1934.9,1,0,,1930,Uruguay
Uruguay,1,1934.95,1,0,,1930,Uruguay
Uruguay,1,1938,1,2,,1930,Uruguay
Uruguay,1,1938.05,1,0,,1930,Uruguay
Uruguay,1,1938.1,1,0,,1930,Uruguay
Uruguay,1,1938.15,1,0,,1930,Uruguay
Uruguay,1,1938.2,1,0,,1930,Uruguay
Uruguay,1,1938.25,1,0,,1930,Uruguay
Uruguay,1,1938.3,1,0,,1930,Uruguay
Uruguay,1,1938.35,1,0,,1930,Uruguay
Uruguay,1,1938.4,1,0,,1930,Uruguay
Uruguay,1,1938.45,1,0,,1930,Uruguay
Uruguay,1,1938.5,1,0,,1930,Uruguay
Uruguay,1,1938.55,1,0,,1930,Uruguay
Uruguay,1,1938.6,1,0,,1930,Uruguay
Uruguay,1,1938.65,1,0,,1930,Uruguay
Uruguay,1,1938.7,1,0,,1930,Uruguay
Uruguay,1,1938.75,1,0,,1930,Uruguay
Uruguay,1,1938.8,1,0,,1930,Uruguay
Uruguay,1,1938.85,1,0,,1930,Uruguay
Uruguay,1,1938.9,1,0,,1930,Uruguay
Uruguay,1,1938.95,1,0,,1930,Uruguay
Uruguay,1,1942,1,2,,1930,Uruguay
Uruguay,1,1942.05,1,0,,1930,Uruguay
Uruguay,1,1942.1,1,0,,1930,Uruguay
Uruguay,1,1942.15,1,0,,1930,Uruguay
Uruguay,1,1942.2,1,0,,1930,Uruguay
Uruguay,1,1942.25,1,0,,1930,Uruguay
Uruguay,1,1942.3,1,0,,1930,Uruguay
Uruguay,1,1942.35,1,0,,1930,Uruguay
Uruguay,1,1942.4,1,0,,1930,Uruguay
Uruguay,1,1942.45,1,0,,1930,Uruguay
Uruguay,1,1942.5,1,0,,1930,Uruguay
Uruguay,1,1942.55,1,0,,1930,Uruguay
Uruguay,1,1942.6,1,0,,1930,Uruguay
Uruguay,1,1942.65,1,0,,1930,Uruguay
Uruguay,1,1942.7,1,0,,1930,Uruguay
Uruguay,1,1942.75,1,0,,1930,Uruguay
Uruguay,1,1942.8,1,0,,1930,Uruguay
Uruguay,1,1942.85,1,0,,1930,Uruguay
Uruguay,1,1942.9,1,0,,1930,Uruguay
Uruguay,1,1942.95,1,0,,1930,Uruguay
Uruguay,1,1946,1,2,,1930,Uruguay
Uruguay,1.05,1946.05,1,0,,1930,Uruguay
Uruguay,1.1,1946.1,1.05,0,,1930,Uruguay
Uruguay,1.15,1946.15,1.1,0,,1930,Uruguay
Uruguay,1.2,1946.2,1.15,0,,1930,Uruguay
Uruguay,1.25,1946.25,1.2,0,,1930,Uruguay
Uruguay,1.3,1946.3,1.25,0,,1930,Uruguay
Uruguay,1.35,1946.35,1.3,0,,1930,Uruguay
Uruguay,1.4,1946.4,1.35,0,,1930,Uruguay
Uruguay,1.45,1946.45,1.4,0,,1930,Uruguay
Uruguay,1.5,1946.5,1.45,0,,1930,Uruguay
Uruguay,1.55,1946.55,1.5,0,,1930,Uruguay
Uruguay,1.6,1946.6,1.55,0,,1930,Uruguay
Uruguay,1.65,1946.65,1.6,0,,1930,Uruguay
Uruguay,1.7,1946.7,1.65,0,,1930,Uruguay
Uruguay,1.75,1946.75,1.7,0,,1930,Uruguay
Uruguay,1.8,1946.8,1.75,0,,1930,Uruguay
Uruguay,1.85,1946.85,1.8,0,,1930,Uruguay
Uruguay,1.9,1946.9,1.85,0,,1930,Uruguay
Uruguay,1.95,1946.95,1.9,0,,1930,Uruguay
Uruguay,2,1950,1.95,2,,1930,Uruguay
Uruguay,2,1950.05,2,0,,1930,Uruguay
Uruguay,2,1950.1,2,0,,1930,Uruguay
Uruguay,2,1950.15,2,0,,1930,Uruguay
Uruguay,2,1950.2,2,0,,1930,Uruguay
Uruguay,2,1950.25,2,0,,1930,Uruguay
Uruguay,2,1950.3,2,0,,1930,Uruguay
Uruguay,2,1950.35,2,0,,1930,Uruguay
Uruguay,2,1950.4,2,0,,1930,Uruguay
Uruguay,2,1950.45,2,0,,1930,Uruguay
Uruguay,2,1950.5,2,0,,1930,Uruguay
Uruguay,2,1950.55,2,0,,1930,Uruguay
Uruguay,2,1950.6,2,0,,1930,Uruguay
Uruguay,2,1950.65,2,0,,1930,Uruguay
Uruguay,2,1950.7,2,0,,1930,Uruguay
Uruguay,2,1950.75,2,0,,1930,Uruguay
Uruguay,2,1950.8,2,0,,1930,Uruguay
Uruguay,2,1950.85,2,0,,1930,Uruguay
Uruguay,2,1950.9,2,0,,1930,Uruguay
Uruguay,2,1950.95,2,0,,1930,Uruguay
Uruguay,2,1954,2,2,,1930,Uruguay
Uruguay,2,1954.05,2,0,,1930,Uruguay
Uruguay,2,1954.1,2,0,,1930,Uruguay
Uruguay,2,1954.15,2,0,,1930,Uruguay
Uruguay,2,1954.2,2,0,,1930,Uruguay
Uruguay,2,1954.25,2,0,,1930,Uruguay
Uruguay,2,1954.3,2,0,,1930,Uruguay
Uruguay,2,1954.35,2,0,,1930,Uruguay
Uruguay,2,1954.4,2,0,,1930,Uruguay
Uruguay,2,1954.45,2,0,,1930,Uruguay
Uruguay,2,1954.5,2,0,,1930,Uruguay
Uruguay,2,1954.55,2,0,,1930,Uruguay
Uruguay,2,1954.6,2,0,,1930,Uruguay
Uruguay,2,1954.65,2,0,,1930,Uruguay
Uruguay,2,1954.7,2,0,,1930,Uruguay
Uruguay,2,1954.75,2,0,,1930,Uruguay
Uruguay,2,1954.8,2,0,,1930,Uruguay
Uruguay,2,1954.85,2,0,,1930,Uruguay
Uruguay,2,1954.9,2,0,,1930,Uruguay
Uruguay,2,1954.95,2,0,,1930,Uruguay
Uruguay,2,1958,2,2,,1930,Uruguay
Uruguay,2,1958.05,2,0,,1930,Uruguay
Uruguay,2,1958.1,2,0,,1930,Uruguay
Uruguay,2,1958.15,2,0,,1930,Uruguay
Uruguay,2,1958.2,2,0,,1930,Uruguay
Uruguay,2,1958.25,2,0,,1930,Uruguay
Uruguay,2,1958.3,2,0,,1930,Uruguay
Uruguay,2,1958.35,2,0,,1930,Uruguay
Uruguay,2,1958.4,2,0,,1930,Uruguay
Uruguay,2,1958.45,2,0,,1930,Uruguay
Uruguay,2,1958.5,2,0,,1930,Uruguay
Uruguay,2,1958.55,2,0,,1930,Uruguay
Uruguay,2,1958.6,2,0,,1930,Uruguay
Uruguay,2,1958.65,2,0,,1930,Uruguay
Uruguay,2,1958.7,2,0,,1930,Uruguay
Uruguay,2,1958.75,2,0,,1930,Uruguay
Uruguay,2,1958.8,2,0,,1930,Uruguay
Uruguay,2,1958.85,2,0,,1930,Uruguay
Uruguay,2,1958.9,2,0,,1930,Uruguay
Uruguay,2,1958.95,2,0,,1930,Uruguay
Uruguay,2,1962,2,2,,1930,Uruguay
Uruguay,2,1962.05,2,0,,1930,Uruguay
Uruguay,2,1962.1,2,0,,1930,Uruguay
Uruguay,2,1962.15,2,0,,1930,Uruguay
Uruguay,2,1962.2,2,0,,1930,Uruguay
Uruguay,2,1962.25,2,0,,1930,Uruguay
Uruguay,2,1962.3,2,0,,1930,Uruguay
Uruguay,2,1962.35,2,0,,1930,Uruguay
Uruguay,2,1962.4,2,0,,1930,Uruguay
Uruguay,2,1962.45,2,0,,1930,Uruguay
Uruguay,2,1962.5,2,0,,1930,Uruguay
Uruguay,2,1962.55,2,0,,1930,Uruguay
Uruguay,2,1962.6,2,0,,1930,Uruguay
Uruguay,2,1962.65,2,0,,1930,Uruguay
Uruguay,2,1962.7,2,0,,1930,Uruguay
Uruguay,2,1962.75,2,0,,1930,Uruguay
Uruguay,2,1962.8,2,0,,1930,Uruguay
Uruguay,2,1962.85,2,0,,1930,Uruguay
Uruguay,2,1962.9,2,0,,1930,Uruguay
Uruguay,2,1962.95,2,0,,1930,Uruguay
Uruguay,2,1966,2,2,,1930,Uruguay
Uruguay,2,1966.05,2,0,,1930,Uruguay
Uruguay,2,1966.1,2,0,,1930,Uruguay
Uruguay,2,1966.15,2,0,,1930,Uruguay
Uruguay,2,1966.2,2,0,,1930,Uruguay
Uruguay,2,1966.25,2,0,,1930,Uruguay
Uruguay,2,1966.3,2,0,,1930,Uruguay
Uruguay,2,1966.35,2,0,,1930,Uruguay
Uruguay,2,1966.4,2,0,,1930,Uruguay
Uruguay,2,1966.45,2,0,,1930,Uruguay
Uruguay,2,1966.5,2,0,,1930,Uruguay
Uruguay,2,1966.55,2,0,,1930,Uruguay
Uruguay,2,1966.6,2,0,,1930,Uruguay
Uruguay,2,1966.65,2,0,,1930,Uruguay
Uruguay,2,1966.7,2,0,,1930,Uruguay
Uruguay,2,1966.75,2,0,,1930,Uruguay
Uruguay,2,1966.8,2,0,,1930,Uruguay
Uruguay,2,1966.85,2,0,,1930,Uruguay
Uruguay,2,1966.9,2,0,,1930,Uruguay
Uruguay,2,1966.95,2,0,,1930,Uruguay
Uruguay,2,1970,2,3,,1930,Uruguay
Uruguay,2,1970.05,2,0,,1930,Uruguay
Uruguay,2,1970.1,2,0,,1930,Uruguay
Uruguay,2,1970.15,2,0,,1930,Uruguay
Uruguay,2,1970.2,2,0,,1930,Uruguay
Uruguay,2,1970.25,2,0,,1930,Uruguay
Uruguay,2,1970.3,2,0,,1930,Uruguay
Uruguay,2,1970.35,2,0,,1930,Uruguay
Uruguay,2,1970.4,2,0,,1930,Uruguay
Uruguay,2,1970.45,2,0,,1930,Uruguay
Uruguay,2,1970.5,2,0,,1930,Uruguay
Uruguay,2,1970.55,2,0,,1930,Uruguay
Uruguay,2,1970.6,2,0,,1930,Uruguay
Uruguay,2,1970.65,2,0,,1930,Uruguay
Uruguay,2,1970.7,2,0,,1930,Uruguay
Uruguay,2,1970.75,2,0,,1930,Uruguay
Uruguay,2,1970.8,2,0,,1930,Uruguay
Uruguay,2,1970.85,2,0,,1930,Uruguay
Uruguay,2,1970.9,2,0,,1930,Uruguay
Uruguay,2,1970.95,2,0,,1930,Uruguay
Uruguay,2,1974,2,3,,1930,Uruguay
Uruguay,2,1974.05,2,0,,1930,Uruguay
Uruguay,2,1974.1,2,0,,1930,Uruguay
Uruguay,2,1974.15,2,0,,1930,Uruguay
Uruguay,2,1974.2,2,0,,1930,Uruguay
Uruguay,2,1974.25,2,0,,1930,Uruguay
Uruguay,2,1974.3,2,0,,1930,Uruguay
Uruguay,2,1974.35,2,0,,1930,Uruguay
Uruguay,2,1974.4,2,0,,1930,Uruguay
Uruguay,2,1974.45,2,0,,1930,Uruguay
Uruguay,2,1974.5,2,0,,1930,Uruguay
Uruguay,2,1974.55,2,0,,1930,Uruguay
Uruguay,2,1974.6,2,0,,1930,Uruguay
Uruguay,2,1974.65,2,0,,1930,Uruguay
Uruguay,2,1974.7,2,0,,1930,Uruguay
Uruguay,2,1974.75,2,0,,1930,Uruguay
Uruguay,2,1974.8,2,0,,1930,Uruguay
Uruguay,2,1974.85,2,0,,1930,Uruguay
Uruguay,2,1974.9,2,0,,1930,Uruguay
Uruguay,2,1974.95,2,0,,1930,Uruguay
Uruguay,2,1978,2,3,,1930,Uruguay
Uruguay,2,1978.05,2,0,,1930,Uruguay
Uruguay,2,1978.1,2,0,,1930,Uruguay
Uruguay,2,1978.15,2,0,,1930,Uruguay
Uruguay,2,1978.2,2,0,,1930,Uruguay
Uruguay,2,1978.25,2,0,,1930,Uruguay
Uruguay,2,1978.3,2,0,,1930,Uruguay
Uruguay,2,1978.35,2,0,,1930,Uruguay
Uruguay,2,1978.4,2,0,,1930,Uruguay
Uruguay,2,1978.45,2,0,,1930,Uruguay
Uruguay,2,1978.5,2,0,,1930,Uruguay
Uruguay,2,1978.55,2,0,,1930,Uruguay
Uruguay,2,1978.6,2,0,,1930,Uruguay
Uruguay,2,1978.65,2,0,,1930,Uruguay
Uruguay,2,1978.7,2,0,,1930,Uruguay
Uruguay,2,1978.75,2,0,,1930,Uruguay
Uruguay,2,1978.8,2,0,,1930,Uruguay
Uruguay,2,1978.85,2,0,,1930,Uruguay
Uruguay,2,1978.9,2,0,,1930,Uruguay
Uruguay,2,1978.95,2,0,,1930,Uruguay
Uruguay,2,1982,2,3,,1930,Uruguay
Uruguay,2,1982.05,2,0,,1930,Uruguay
Uruguay,2,1982.1,2,0,,1930,Uruguay
Uruguay,2,1982.15,2,0,,1930,Uruguay
Uruguay,2,1982.2,2,0,,1930,Uruguay
Uruguay,2,1982.25,2,0,,1930,Uruguay
Uruguay,2,1982.3,2,0,,1930,Uruguay
Uruguay,2,1982.35,2,0,,1930,Uruguay
Uruguay,2,1982.4,2,0,,1930,Uruguay
Uruguay,2,1982.45,2,0,,1930,Uruguay
Uruguay,2,1982.5,2,0,,1930,Uruguay
Uruguay,2,1982.55,2,0,,1930,Uruguay
Uruguay,2,1982.6,2,0,,1930,Uruguay
Uruguay,2,1982.65,2,0,,1930,Uruguay
Uruguay,2,1982.7,2,0,,1930,Uruguay
Uruguay,2,1982.75,2,0,,1930,Uruguay
Uruguay,2,1982.8,2,0,,1930,Uruguay
Uruguay,2,1982.85,2,0,,1930,Uruguay
Uruguay,2,1982.9,2,0,,1930,Uruguay
Uruguay,2,1982.95,2,0,,1930,Uruguay
Uruguay,2,1986,2,3,,1930,Uruguay
Uruguay,2,1986.05,2,0,,1930,Uruguay
Uruguay,2,1986.1,2,0,,1930,Uruguay
Uruguay,2,1986.15,2,0,,1930,Uruguay
Uruguay,2,1986.2,2,0,,1930,Uruguay
Uruguay,2,1986.25,2,0,,1930,Uruguay
Uruguay,2,1986.3,2,0,,1930,Uruguay
Uruguay,2,1986.35,2,0,,1930,Uruguay
Uruguay,2,1986.4,2,0,,1930,Uruguay
Uruguay,2,1986.45,2,0,,1930,Uruguay
Uruguay,2,1986.5,2,0,,1930,Uruguay
Uruguay,2,1986.55,2,0,,1930,Uruguay
Uruguay,2,1986.6,2,0,,1930,Uruguay
Uruguay,2,1986.65,2,0,,1930,Uruguay
Uruguay,2,1986.7,2,0,,1930,Uruguay
Uruguay,2,1986.75,2,0,,1930,Uruguay
Uruguay,2,1986.8,2,0,,1930,Uruguay
Uruguay,2,1986.85,2,0,,1930,Uruguay
Uruguay,2,1986.9,2,0,,1930,Uruguay
Uruguay,2,1986.95,2,0,,1930,Uruguay
Uruguay,2,1990,2,4,,1930,Uruguay
Uruguay,2,1990.05,2,0,,1930,Uruguay
Uruguay,2,1990.1,2,0,,1930,Uruguay
Uruguay,2,1990.15,2,0,,1930,Uruguay
Uruguay,2,1990.2,2,0,,1930,Uruguay
Uruguay,2,1990.25,2,0,,1930,Uruguay
Uruguay,2,1990.3,2,0,,1930,Uruguay
Uruguay,2,1990.35,2,0,,1930,Uruguay
Uruguay,2,1990.4,2,0,,1930,Uruguay
Uruguay,2,1990.45,2,0,,1930,Uruguay
Uruguay,2,1990.5,2,0,,1930,Uruguay
Uruguay,2,1990.55,2,0,,1930,Uruguay
Uruguay,2,1990.6,2,0,,1930,Uruguay
Uruguay,2,1990.65,2,0,,1930,Uruguay
Uruguay,2,1990.7,2,0,,1930,Uruguay
Uruguay,2,1990.75,2,0,,1930,Uruguay
Uruguay,2,1990.8,2,0,,1930,Uruguay
Uruguay,2,1990.85,2,0,,1930,Uruguay
Uruguay,2,1990.9,2,0,,1930,Uruguay
Uruguay,2,1990.95,2,0,,1930,Uruguay
Uruguay,2,1994,2,4,,1930,Uruguay
Uruguay,2,1994.05,2,0,,1930,Uruguay
Uruguay,2,1994.1,2,0,,1930,Uruguay
Uruguay,2,1994.15,2,0,,1930,Uruguay
Uruguay,2,1994.2,2,0,,1930,Uruguay
Uruguay,2,1994.25,2,0,,1930,Uruguay
Uruguay,2,1994.3,2,0,,1930,Uruguay
Uruguay,2,1994.35,2,0,,1930,Uruguay
Uruguay,2,1994.4,2,0,,1930,Uruguay
Uruguay,2,1994.45,2,0,,1930,Uruguay
Uruguay,2,1994.5,2,0,,1930,Uruguay
Uruguay,2,1994.55,2,0,,1930,Uruguay
Uruguay,2,1994.6,2,0,,1930,Uruguay
Uruguay,2,1994.65,2,0,,1930,Uruguay
Uruguay,2,1994.7,2,0,,1930,Uruguay
Uruguay,2,1994.75,2,0,,1930,Uruguay
Uruguay,2,1994.8,2,0,,1930,Uruguay
Uruguay,2,1994.85,2,0,,1930,Uruguay
Uruguay,2,1994.9,2,0,,1930,Uruguay
Uruguay,2,1994.95,2,0,,1930,Uruguay
Uruguay,2,1998,2,4,,1930,Uruguay
Uruguay,2,1998.05,2,0,,1930,Uruguay
Uruguay,2,1998.1,2,0,,1930,Uruguay
Uruguay,2,1998.15,2,0,,1930,Uruguay
Uruguay,2,1998.2,2,0,,1930,Uruguay
Uruguay,2,1998.25,2,0,,1930,Uruguay
Uruguay,2,1998.3,2,0,,1930,Uruguay
Uruguay,2,1998.35,2,0,,1930,Uruguay
Uruguay,2,1998.4,2,0,,1930,Uruguay
Uruguay,2,1998.45,2,0,,1930,Uruguay
Uruguay,2,1998.5,2,0,,1930,Uruguay
Uruguay,2,1998.55,2,0,,1930,Uruguay
Uruguay,2,1998.6,2,0,,1930,Uruguay
Uruguay,2,1998.65,2,0,,1930,Uruguay
Uruguay,2,1998.7,2,0,,1930,Uruguay
Uruguay,2,1998.75,2,0,,1930,Uruguay
Uruguay,2,1998.8,2,0,,1930,Uruguay
Uruguay,2,1998.85,2,0,,1930,Uruguay
Uruguay,2,1998.9,2,0,,1930,Uruguay
Uruguay,2,1998.95,2,0,,1930,Uruguay
Uruguay,2,2002,2,4,,1930,Uruguay
Uruguay,2,2002.05,2,0,,1930,Uruguay
Uruguay,2,2002.1,2,0,,1930,Uruguay
Uruguay,2,2002.15,2,0,,1930,Uruguay
Uruguay,2,2002.2,2,0,,1930,Uruguay
Uruguay,2,2002.25,2,0,,1930,Uruguay
Uruguay,2,2002.3,2,0,,1930,Uruguay
Uruguay,2,2002.35,2,0,,1930,Uruguay
Uruguay,2,2002.4,2,0,,1930,Uruguay
Uruguay,2,2002.45,2,0,,1930,Uruguay
Uruguay,2,2002.5,2,0,,1930,Uruguay
Uruguay,2,2002.55,2,0,,1930,Uruguay
Uruguay,2,2002.6,2,0,,1930,Uruguay
Uruguay,2,2002.65,2,0,,1930,Uruguay
Uruguay,2,2002.7,2,0,,1930,Uruguay
Uruguay,2,2002.75,2,0,,1930,Uruguay
Uruguay,2,2002.8,2,0,,1930,Uruguay
Uruguay,2,2002.85,2,0,,1930,Uruguay
Uruguay,2,2002.9,2,0,,1930,Uruguay
Uruguay,2,2002.95,2,0,,1930,Uruguay
Uruguay,2,2006,2,4,,1930,Uruguay
Uruguay,2,2006.05,2,0,,1930,Uruguay
Uruguay,2,2006.1,2,0,,1930,Uruguay
Uruguay,2,2006.15,2,0,,1930,Uruguay
Uruguay,2,2006.2,2,0,,1930,Uruguay
Uruguay,2,2006.25,2,0,,1930,Uruguay
Uruguay,2,2006.3,2,0,,1930,Uruguay
Uruguay,2,2006.35,2,0,,1930,Uruguay
Uruguay,2,2006.4,2,0,,1930,Uruguay
Uruguay,2,2006.45,2,0,,1930,Uruguay
Uruguay,2,2006.5,2,0,,1930,Uruguay
Uruguay,2,2006.55,2,0,,1930,Uruguay
Uruguay,2,2006.6,2,0,,1930,Uruguay
Uruguay,2,2006.65,2,0,,1930,Uruguay
Uruguay,2,2006.7,2,0,,1930,Uruguay
Uruguay,2,2006.75,2,0,,1930,Uruguay
Uruguay,2,2006.8,2,0,,1930,Uruguay
Uruguay,2,2006.85,2,0,,1930,Uruguay
Uruguay,2,2006.9,2,0,,1930,Uruguay
Uruguay,2,2006.95,2,0,,1930,Uruguay
Uruguay,2,2010,2,4,,1930,Uruguay
Uruguay,2,2010.05,2,0,,1930,Uruguay
Uruguay,2,2010.1,2,0,,1930,Uruguay
Uruguay,2,2010.15,2,0,,1930,Uruguay
Uruguay,2,2010.2,2,0,,1930,Uruguay
Uruguay,2,2010.25,2,0,,1930,Uruguay
Uruguay,2,2010.3,2,0,,1930,Uruguay
Uruguay,2,2010.35,2,0,,1930,Uruguay
Uruguay,2,2010.4,2,0,,1930,Uruguay
Uruguay,2,2010.45,2,0,,1930,Uruguay
Uruguay,2,2010.5,2,0,,1930,Uruguay
Uruguay,2,2010.55,2,0,,1930,Uruguay
Uruguay,2,2010.6,2,0,,1930,Uruguay
Uruguay,2,2010.65,2,0,,1930,Uruguay
Uruguay,2,2010.7,2,0,,1930,Uruguay
Uruguay,2,2010.75,2,0,,1930,Uruguay
Uruguay,2,2010.8,2,0,,1930,Uruguay
Uruguay,2,2010.85,2,0,,1930,Uruguay
Uruguay,2,2010.9,2,0,,1930,Uruguay
Uruguay,2,2010.95,2,0,,1930,Uruguay
Uruguay,2,2014,2,4,,1930,Uruguay
Uruguay,2,2014.05,2,0,,1930,Uruguay
Uruguay,2,2014.1,2,0,,1930,Uruguay
Uruguay,2,2014.15,2,0,,1930,Uruguay
Uruguay,2,2014.2,2,0,,1930,Uruguay
Uruguay,2,2014.25,2,0,,1930,Uruguay
Uruguay,2,2014.3,2,0,,1930,Uruguay
Uruguay,2,2014.35,2,0,,1930,Uruguay
Uruguay,2,2014.4,2,0,,1930,Uruguay
Uruguay,2,2014.45,2,0,,1930,Uruguay
Uruguay,2,2014.5,2,0,,1930,Uruguay
Uruguay,2,2014.55,2,0,,1930,Uruguay
Uruguay,2,2014.6,2,0,,1930,Uruguay
Uruguay,2,2014.65,2,0,,1930,Uruguay
Uruguay,2,2014.7,2,0,,1930,Uruguay
Uruguay,2,2014.75,2,0,,1930,Uruguay
Uruguay,2,2014.8,2,0,,1930,Uruguay
Uruguay,2,2014.85,2,0,,1930,Uruguay
Uruguay,2,2014.9,2,0,,1930,Uruguay
Uruguay,2,2014.95,2,0,,1930,Uruguay
Uruguay,2,2018,2,4,,1930,Uruguay
Uruguay,2,2018.05,2,0,,1930,Uruguay
Uruguay,2,2018.1,2,0,,1930,Uruguay
Uruguay,2,2018.15,2,0,,1930,Uruguay
Uruguay,2,2018.2,2,0,,1930,Uruguay
Uruguay,2,2018.25,2,0,,1930,Uruguay
Uruguay,2,2018.3,2,0,,1930,Uruguay
Uruguay,2,2018.35,2,0,,1930,Uruguay
Uruguay,2,2018.4,2,0,,1930,Uruguay
Uruguay,2,2018.45,2,0,,1930,Uruguay
Uruguay,2,2018.5,2,0,,1930,Uruguay
Uruguay,2,2018.55,2,0,,1930,Uruguay
Uruguay,2,2018.6,2,0,,1930,Uruguay
Uruguay,2,2018.65,2,0,,1930,Uruguay
Uruguay,2,2018.7,2,0,,1930,Uruguay
Uruguay,2,2018.75,2,0,,1930,Uruguay
Uruguay,2,2018.8,2,0,,1930,Uruguay
Uruguay,2,2018.85,2,0,,1930,Uruguay
Uruguay,2,2018.9,2,0,,1930,Uruguay
Uruguay,2,2018.95,2,0,,1930,Uruguay
Uruguay,2,2022,2,5,,1930,Uruguay
France,1,1998,1,7,,1998,France
France,1,1998.05,1,0,,1998,France
France,1,1998.1,1,0,,1998,France
France,1,1998.15,1,0,,1998,France
France,1,1998.2,1,0,,1998,France
France,1,1998.25,1,0,,1998,France
France,1,1998.3,1,0,,1998,France
France,1,1998.35,1,0,,1998,France
France,1,1998.4,1,0,,1998,France
France,1,1998.45,1,0,,1998,France
France,1,1998.5,1,0,,1998,France
France,1,1998.55,1,0,,1998,France
France,1,1998.6,1,0,,1998,France
France,1,1998.65,1,0,,1998,France
France,1,1998.7,1,0,,1998,France
France,1,1998.75,1,0,,1998,France
France,1,1998.8,1,0,,1998,France
France,1,1998.85,1,0,,1998,France
France,1,1998.9,1,0,,1998,France
France,1,1998.95,1,0,,1998,France
France,1,2002,1,7,,1998,France
France,1,2002.05,1,0,,1998,France
France,1,2002.1,1,0,,1998,France
France,1,2002.15,1,0,,1998,France
France,1,2002.2,1,0,,1998,France
France,1,2002.25,1,0,,1998,France
France,1,2002.3,1,0,,1998,France
France,1,2002.35,1,0,,1998,France
France,1,2002.4,1,0,,1998,France
France,1,2002.45,1,0,,1998,France
France,1,2002.5,1,0,,1998,France
France,1,2002.55,1,0,,1998,France
France,1,2002.6,1,0,,1998,France
France,1,2002.65,1,0,,1998,France
France,1,2002.7,1,0,,1998,France
France,1,2002.75,1,0,,1998,France
France,1,2002.8,1,0,,1998,France
France,1,2002.85,1,0,,1998,France
France,1,2002.9,1,0,,1998,France
France,1,2002.95,1,0,,1998,France
France,1,2006,1,7,,1998,France
France,1,2006.05,1,0,,1998,France
France,1,2006.1,1,0,,1998,France
France,1,2006.15,1,0,,1998,France
France,1,2006.2,1,0,,1998,France
France,1,2006.25,1,0,,1998,France
France,1,2006.3,1,0,,1998,France
France,1,2006.35,1,0,,1998,France
France,1,2006.4,1,0,,1998,France
France,1,2006.45,1,0,,1998,France
France,1,2006.5,1,0,,1998,France
France,1,2006.55,1,0,,1998,France
France,1,2006.6,1,0,,1998,France
France,1,2006.65,1,0,,1998,France
France,1,2006.7,1,0,,1998,France
France,1,2006.75,1,0,,1998,France
France,1,2006.8,1,0,,1998,France
France,1,2006.85,1,0,,1998,France
France,1,2006.9,1,0,,1998,France
France,1,2006.95,1,0,,1998,France
France,1,2010,1,7,,1998,France
France,1,2010.05,1,0,,1998,France
France,1,2010.1,1,0,,1998,France
France,1,2010.15,1,0,,1998,France
France,1,2010.2,1,0,,1998,France
France,1,2010.25,1,0,,1998,France
France,1,2010.3,1,0,,1998,France
France,1,2010.35,1,0,,1998,France
France,1,2010.4,1,0,,1998,France
France,1,2010.45,1,0,,1998,France
France,1,2010.5,1,0,,1998,France
France,1,2010.55,1,0,,1998,France
France,1,2010.6,1,0,,1998,France
France,1,2010.65,1,0,,1998,France
France,1,2010.7,1,0,,1998,France
France,1,2010.75,1,0,,1998,France
France,1,2010.8,1,0,,1998,France
France,1,2010.85,1,0,,1998,France
France,1,2010.9,1,0,,1998,France
France,1,2010.95,1,0,,1998,France
France,1,2014,1,7,,1998,France
France,1.05,2014.05,1,0,,1998,France
France,1.1,2014.1,1.05,0,,1998,France
France,1.15,2014.15,1.1,0,,1998,France
France,1.2,2014.2,1.15,0,,1998,France
France,1.25,2014.25,1.2,0,,1998,France
France,1.3,2014.3,1.25,0,,1998,France
France,1.35,2014.35,1.3,0,,1998,France
France,1.4,2014.4,1.35,0,,1998,France
France,1.45,2014.45,1.4,0,,1998,France
France,1.5,2014.5,1.45,0,,1998,France
France,1.55,2014.55,1.5,0,,1998,France
France,1.6,2014.6,1.55,0,,1998,France
France,1.65,2014.65,1.6,0,,1998,France
France,1.7,2014.7,1.65,0,,1998,France
France,1.75,2014.75,1.7,0,,1998,France
France,1.8,2014.8,1.75,0,,1998,France
France,1.85,2014.85,1.8,0,,1998,France
France,1.9,2014.9,1.85,0,,1998,France
France,1.95,2014.95,1.9,0,,1998,France
France,2,2018,1.95,6,,1998,France
France,2,2018.05,2,0,,1998,France
France,2,2018.1,2,0,,1998,France
France,2,2018.15,2,0,,1998,France
France,2,2018.2,2,0,,1998,France
France,2,2018.25,2,0,,1998,France
France,2,2018.3,2,0,,1998,France
France,2,2018.35,2,0,,1998,France
France,2,2018.4,2,0,,1998,France
France,2,2018.45,2,0,,1998,France
France,2,2018.5,2,0,,1998,France
France,2,2018.55,2,0,,1998,France
France,2,2018.6,2,0,,1998,France
France,2,2018.65,2,0,,1998,France
France,2,2018.7,2,0,,1998,France
France,2,2018.75,2,0,,1998,France
France,2,2018.8,2,0,,1998,France
France,2,2018.85,2,0,,1998,France
France,2,2018.9,2,0,,1998,France
France,2,2018.95,2,0,,1998,France
France,2,2022,2,6,,1998,France
England,1,1966,1,5,,1966,England
England,1,1966.05,1,0,,1966,England
England,1,1966.1,1,0,,1966,England
England,1,1966.15,1,0,,1966,England
England,1,1966.2,1,0,,1966,England
England,1,1966.25,1,0,,1966,England
England,1,1966.3,1,0,,1966,England
England,1,1966.35,1,0,,1966,England
England,1,1966.4,1,0,,1966,England
England,1,1966.45,1,0,,1966,England
England,1,1966.5,1,0,,1966,England
England,1,1966.55,1,0,,1966,England
England,1,1966.6,1,0,,1966,England
England,1,1966.65,1,0,,1966,England
England,1,1966.7,1,0,,1966,England
England,1,1966.75,1,0,,1966,England
England,1,1966.8,1,0,,1966,England
England,1,1966.85,1,0,,1966,England
England,1,1966.9,1,0,,1966,England
England,1,1966.95,1,0,,1966,England
England,1,1970,1,5,,1966,England
England,1,1970.05,1,0,,1966,England
England,1,1970.1,1,0,,1966,England
England,1,1970.15,1,0,,1966,England
England,1,1970.2,1,0,,1966,England
England,1,1970.25,1,0,,1966,England
England,1,1970.3,1,0,,1966,England
England,1,1970.35,1,0,,1966,England
England,1,1970.4,1,0,,1966,England
England,1,1970.45,1,0,,1966,England
England,1,1970.5,1,0,,1966,England
England,1,1970.55,1,0,,1966,England
England,1,1970.6,1,0,,1966,England
England,1,1970.65,1,0,,1966,England
England,1,1970.7,1,0,,1966,England
England,1,1970.75,1,0,,1966,England
England,1,1970.8,1,0,,1966,England
England,1,1970.85,1,0,,1966,England
England,1,1970.9,1,0,,1966,England
England,1,1970.95,1,0,,1966,England
England,1,1974,1,5,,1966,England
England,1,1974.05,1,0,,1966,England
England,1,1974.1,1,0,,1966,England
England,1,1974.15,1,0,,1966,England
England,1,1974.2,1,0,,1966,England
England,1,1974.25,1,0,,1966,England
England,1,1974.3,1,0,,1966,England
England,1,1974.35,1,0,,1966,England
England,1,1974.4,1,0,,1966,England
England,1,1974.45,1,0,,1966,England
England,1,1974.5,1,0,,1966,England
England,1,1974.55,1,0,,1966,England
England,1,1974.6,1,0,,1966,England
England,1,1974.65,1,0,,1966,England
England,1,1974.7,1,0,,1966,England
England,1,1974.75,1,0,,1966,England
England,1,1974.8,1,0,,1966,England
England,1,1974.85,1,0,,1966,England
England,1,1974.9,1,0,,1966,England
England,1,1974.95,1,0,,1966,England
England,1,1978,1,5,,1966,England
England,1,1978.05,1,0,,1966,England
England,1,1978.1,1,0,,1966,England
England,1,1978.15,1,0,,1966,England
England,1,1978.2,1,0,,1966,England
England,1,1978.25,1,0,,1966,England
England,1,1978.3,1,0,,1966,England
England,1,1978.35,1,0,,1966,England
England,1,1978.4,1,0,,1966,England
England,1,1978.45,1,0,,1966,England
England,1,1978.5,1,0,,1966,England
England,1,1978.55,1,0,,1966,England
England,1,1978.6,1,0,,1966,England
England,1,1978.65,1,0,,1966,England
England,1,1978.7,1,0,,1966,England
England,1,1978.75,1,0,,1966,England
England,1,1978.8,1,0,,1966,England
England,1,1978.85,1,0,,1966,England
England,1,1978.9,1,0,,1966,England
England,1,1978.95,1,0,,1966,England
England,1,1982,1,5,,1966,England
England,1,1982.05,1,0,,1966,England
England,1,1982.1,1,0,,1966,England
England,1,1982.15,1,0,,1966,England
England,1,1982.2,1,0,,1966,England
England,1,1982.25,1,0,,1966,England
England,1,1982.3,1,0,,1966,England
England,1,1982.35,1,0,,1966,England
England,1,1982.4,1,0,,1966,England
England,1,1982.45,1,0,,1966,England
England,1,1982.5,1,0,,1966,England
England,1,1982.55,1,0,,1966,England
England,1,1982.6,1,0,,1966,England
England,1,1982.65,1,0,,1966,England
England,1,1982.7,1,0,,1966,England
England,1,1982.75,1,0,,1966,England
England,1,1982.8,1,0,,1966,England
England,1,1982.85,1,0,,1966,England
England,1,1982.9,1,0,,1966,England
England,1,1982.95,1,0,,1966,England
England,1,1986,1,6,,1966,England
England,1,1986.05,1,0,,1966,England
England,1,1986.1,1,0,,1966,England
England,1,1986.15,1,0,,1966,England
England,1,1986.2,1,0,,1966,England
England,1,1986.25,1,0,,1966,England
England,1,1986.3,1,0,,1966,England
England,1,1986.35,1,0,,1966,England
England,1,1986.4,1,0,,1966,England
England,1,1986.45,1,0,,1966,England
England,1,1986.5,1,0,,1966,England
England,1,1986.55,1,0,,1966,England
England,1,1986.6,1,0,,1966,England
England,1,1986.65,1,0,,1966,England
England,1,1986.7,1,0,,1966,England
England,1,1986.75,1,0,,1966,England
England,1,1986.8,1,0,,1966,England
England,1,1986.85,1,0,,1966,England
England,1,1986.9,1,0,,1966,England
England,1,1986.95,1,0,,1966,England
England,1,1990,1,6,,1966,England
England,1,1990.05,1,0,,1966,England
England,1,1990.1,1,0,,1966,England
England,1,1990.15,1,0,,1966,England
England,1,1990.2,1,0,,1966,England
England,1,1990.25,1,0,,1966,England
England,1,1990.3,1,0,,1966,England
England,1,1990.35,1,0,,1966,England
England,1,1990.4,1,0,,1966,England
England,1,1990.45,1,0,,1966,England
England,1,1990.5,1,0,,1966,England
England,1,1990.55,1,0,,1966,England
England,1,1990.6,1,0,,1966,England
England,1,1990.65,1,0,,1966,England
England,1,1990.7,1,0,,1966,England
England,1,1990.75,1,0,,1966,England
England,1,1990.8,1,0,,1966,England
England,1,1990.85,1,0,,1966,England
England,1,1990.9,1,0,,1966,England
England,1,1990.95,1,0,,1966,England
England,1,1994,1,6,,1966,England
England,1,1994.05,1,0,,1966,England
England,1,1994.1,1,0,,1966,England
England,1,1994.15,1,0,,1966,England
England,1,1994.2,1,0,,1966,England
England,1,1994.25,1,0,,1966,England
England,1,1994.3,1,0,,1966,England
England,1,1994.35,1,0,,1966,England
England,1,1994.4,1,0,,1966,England
England,1,1994.45,1,0,,1966,England
England,1,1994.5,1,0,,1966,England
England,1,1994.55,1,0,,1966,England
England,1,1994.6,1,0,,1966,England
England,1,1994.65,1,0,,1966,England
England,1,1994.7,1,0,,1966,England
England,1,1994.75,1,0,,1966,England
England,1,1994.8,1,0,,1966,England
England,1,1994.85,1,0,,1966,England
England,1,1994.9,1,0,,1966,England
England,1,1994.95,1,0,,1966,England
England,1,1998,1,6,,1966,England
England,1,1998.05,1,0,,1966,England
England,1,1998.1,1,0,,1966,England
England,1,1998.15,1,0,,1966,England
England,1,1998.2,1,0,,1966,England
England,1,1998.25,1,0,,1966,England
England,1,1998.3,1,0,,1966,England
England,1,1998.35,1,0,,1966,England
England,1,1998.4,1,0,,1966,England
England,1,1998.45,1,0,,1966,England
England,1,1998.5,1,0,,1966,England
England,1,1998.55,1,0,,1966,England
England,1,1998.6,1,0,,1966,England
England,1,1998.65,1,0,,1966,England
England,1,1998.7,1,0,,1966,England
England,1,1998.75,1,0,,1966,England
England,1,1998.8,1,0,,1966,England
England,1,1998.85,1,0,,1966,England
England,1,1998.9,1,0,,1966,England
England,1,1998.95,1,0,,1966,England
England,1,2002,1,6,,1966,England
England,1,2002.05,1,0,,1966,England
England,1,2002.1,1,0,,1966,England
England,1,2002.15,1,0,,1966,England
England,1,2002.2,1,0,,1966,England
England,1,2002.25,1,0,,1966,England
England,1,2002.3,1,0,,1966,England
England,1,2002.35,1,0,,1966,England
England,1,2002.4,1,0,,1966,England
England,1,2002.45,1,0,,1966,England
England,1,2002.5,1,0,,1966,England
England,1,2002.55,1,0,,1966,England
England,1,2002.6,1,0,,1966,England
England,1,2002.65,1,0,,1966,England
England,1,2002.7,1,0,,1966,England
England,1,2002.75,1,0,,1966,England
England,1,2002.8,1,0,,1966,England
England,1,2002.85,1,0,,1966,England
England,1,2002.9,1,0,,1966,England
England,1,2002.95,1,0,,1966,England
England,1,2006,1,6,,1966,England
England,1,2006.05,1,0,,1966,England
England,1,2006.1,1,0,,1966,England
England,1,2006.15,1,0,,1966,England
England,1,2006.2,1,0,,1966,England
England,1,2006.25,1,0,,1966,England
England,1,2006.3,1,0,,1966,England
England,1,2006.35,1,0,,1966,England
England,1,2006.4,1,0,,1966,England
England,1,2006.45,1,0,,1966,England
England,1,2006.5,1,0,,1966,England
England,1,2006.55,1,0,,1966,England
England,1,2006.6,1,0,,1966,England
England,1,2006.65,1,0,,1966,England
England,1,2006.7,1,0,,1966,England
England,1,2006.75,1,0,,1966,England
England,1,2006.8,1,0,,1966,England
England,1,2006.85,1,0,,1966,England
England,1,2006.9,1,0,,1966,England
England,1,2006.95,1,0,,1966,England
England,1,2010,1,6,,1966,England
England,1,2010.05,1,0,,1966,England
England,1,2010.1,1,0,,1966,England
England,1,2010.15,1,0,,1966,England
England,1,2010.2,1,0,,1966,England
England,1,2010.25,1,0,,1966,England
England,1,2010.3,1,0,,1966,England
England,1,2010.35,1,0,,1966,England
England,1,2010.4,1,0,,1966,England
England,1,2010.45,1,0,,1966,England
England,1,2010.5,1,0,,1966,England
England,1,2010.55,1,0,,1966,England
England,1,2010.6,1,0,,1966,England
England,1,2010.65,1,0,,1966,England
England,1,2010.7,1,0,,1966,England
England,1,2010.75,1,0,,1966,England
England,1,2010.8,1,0,,1966,England
England,1,2010.85,1,0,,1966,England
England,1,2010.9,1,0,,1966,England
England,1,2010.95,1,0,,1966,England
England,1,2014,1,6,,1966,England
England,1,2014.05,1,0,,1966,England
England,1,2014.1,1,0,,1966,England
England,1,2014.15,1,0,,1966,England
England,1,2014.2,1,0,,1966,England
England,1,2014.25,1,0,,1966,England
England,1,2014.3,1,0,,1966,England
England,1,2014.35,1,0,,1966,England
England,1,2014.4,1,0,,1966,England
England,1,2014.45,1,0,,1966,England
England,1,2014.5,1,0,,1966,England
England,1,2014.55,1,0,,1966,England
England,1,2014.6,1,0,,1966,England
England,1,2014.65,1,0,,1966,England
England,1,2014.7,1,0,,1966,England
England,1,2014.75,1,0,,1966,England
England,1,2014.8,1,0,,1966,England
England,1,2014.85,1,0,,1966,England
England,1,2014.9,1,0,,1966,England
England,1,2014.95,1,0,,1966,England
England,1,2018,1,7,,1966,England
England,1,2018.05,1,0,,1966,England
England,1,2018.1,1,0,,1966,England
England,1,2018.15,1,0,,1966,England
England,1,2018.2,1,0,,1966,England
England,1,2018.25,1,0,,1966,England
England,1,2018.3,1,0,,1966,England
England,1,2018.35,1,0,,1966,England
England,1,2018.4,1,0,,1966,England
England,1,2018.45,1,0,,1966,England
England,1,2018.5,1,0,,1966,England
England,1,2018.55,1,0,,1966,England
England,1,2018.6,1,0,,1966,England
England,1,2018.65,1,0,,1966,England
England,1,2018.7,1,0,,1966,England
England,1,2018.75,1,0,,1966,England
England,1,2018.8,1,0,,1966,England
England,1,2018.85,1,0,,1966,England
England,1,2018.9,1,0,,1966,England
England,1,2018.95,1,0,,1966,England
England,1,2022,1,7,,1966,England
Spain,1,2010,1,8,,2010,Spain
Spain,1,2010.05,1,0,,2010,Spain
Spain,1,2010.1,1,0,,2010,Spain
Spain,1,2010.15,1,0,,2010,Spain
Spain,1,2010.2,1,0,,2010,Spain
Spain,1,2010.25,1,0,,2010,Spain
Spain,1,2010.3,1,0,,2010,Spain
Spain,1,2010.35,1,0,,2010,Spain
Spain,1,2010.4,1,0,,2010,Spain
Spain,1,2010.45,1,0,,2010,Spain
Spain,1,2010.5,1,0,,2010,Spain
Spain,1,2010.55,1,0,,2010,Spain
Spain,1,2010.6,1,0,,2010,Spain
Spain,1,2010.65,1,0,,2010,Spain
Spain,1,2010.7,1,0,,2010,Spain
Spain,1,2010.75,1,0,,2010,Spain
Spain,1,2010.8,1,0,,2010,Spain
Spain,1,2010.85,1,0,,2010,Spain
Spain,1,2010.9,1,0,,2010,Spain
Spain,1,2010.95,1,0,,2010,Spain
Spain,1,2014,1,8,,2010,Spain
Spain,1,2014.05,1,0,,2010,Spain
Spain,1,2014.1,1,0,,2010,Spain
Spain,1,2014.15,1,0,,2010,Spain
Spain,1,2014.2,1,0,,2010,Spain
Spain,1,2014.25,1,0,,2010,Spain
Spain,1,2014.3,1,0,,2010,Spain
Spain,1,2014.35,1,0,,2010,Spain
Spain,1,2014.4,1,0,,2010,Spain
Spain,1,2014.45,1,0,,2010,Spain
Spain,1,2014.5,1,0,,2010,Spain
Spain,1,2014.55,1,0,,2010,Spain
Spain,1,2014.6,1,0,,2010,Spain
Spain,1,2014.65,1,0,,2010,Spain
Spain,1,2014.7,1,0,,2010,Spain
Spain,1,2014.75,1,0,,2010,Spain
Spain,1,2014.8,1,0,,2010,Spain
Spain,1,2014.85,1,0,,2010,Spain
Spain,1,2014.9,1,0,,2010,Spain
Spain,1,2014.95,1,0,,2010,Spain
Spain,1,2018,1,8,,2010,Spain
Spain,1,2018.05,1,0,,2010,Spain
Spain,1,2018.1,1,0,,2010,Spain
Spain,1,2018.15,1,0,,2010,Spain
Spain,1,2018.2,1,0,,2010,Spain
Spain,1,2018.25,1,0,,2010,Spain
Spain,1,2018.3,1,0,,2010,Spain
Spain,1,2018.35,1,0,,2010,Spain
Spain,1,2018.4,1,0,,2010,Spain
Spain,1,2018.45,1,0,,2010,Spain
Spain,1,2018.5,1,0,,2010,Spain
Spain,1,2018.55,1,0,,2010,Spain
Spain,1,2018.6,1,0,,2010,Spain
Spain,1,2018.65,1,0,,2010,Spain
Spain,1,2018.7,1,0,,2010,Spain
Spain,1,2018.75,1,0,,2010,Spain
Spain,1,2018.8,1,0,,2010,Spain
Spain,1,2018.85,1,0,,2010,Spain
Spain,1,2018.9,1,0,,2010,Spain
Spain,1,2018.95,1,0,,2010,Spain
Spain,1,2022,1,8,,2010,Spain
West Germany,1,1954,1,3,,1954,West Germany
West Germany,1,1954.05,1,0,,1954,West Germany
West Germany,1,1954.1,1,0,,1954,West Germany
West Germany,1,1954.15,1,0,,1954,West Germany
West Germany,1,1954.2,1,0,,1954,West Germany
West Germany,1,1954.25,1,0,,1954,West Germany
West Germany,1,1954.3,1,0,,1954,West Germany
West Germany,1,1954.35,1,0,,1954,West Germany
West Germany,1,1954.4,1,0,,1954,West Germany
West Germany,1,1954.45,1,0,,1954,West Germany
West Germany,1,1954.5,1,0,,1954,West Germany
West Germany,1,1954.55,1,0,,1954,West Germany
West Germany,1,1954.6,1,0,,1954,West Germany
West Germany,1,1954.65,1,0,,1954,West Germany
West Germany,1,1954.7,1,0,,1954,West Germany
West Germany,1,1954.75,1,0,,1954,West Germany
West Germany,1,1954.8,1,0,,1954,West Germany
West Germany,1,1954.85,1,0,,1954,West Germany
West Germany,1,1954.9,1,0,,1954,West Germany
West Germany,1,1954.95,1,0,,1954,West Germany
West Germany,1,1958,1,3,,1954,West Germany
West Germany,1,1958.05,1,0,,1954,West Germany
West Germany,1,1958.1,1,0,,1954,West Germany
West Germany,1,1958.15,1,0,,1954,West Germany
West Germany,1,1958.2,1,0,,1954,West Germany
West Germany,1,1958.25,1,0,,1954,West Germany
West Germany,1,1958.3,1,0,,1954,West Germany
West Germany,1,1958.35,1,0,,1954,West Germany
West Germany,1,1958.4,1,0,,1954,West Germany
West Germany,1,1958.45,1,0,,1954,West Germany
West Germany,1,1958.5,1,0,,1954,West Germany
West Germany,1,1958.55,1,0,,1954,West Germany
West Germany,1,1958.6,1,0,,1954,West Germany
West Germany,1,1958.65,1,0,,1954,West Germany
West Germany,1,1958.7,1,0,,1954,West Germany
West Germany,1,1958.75,1,0,,1954,West Germany
West Germany,1,1958.8,1,0,,1954,West Germany
West Germany,1,1958.85,1,0,,1954,West Germany
West Germany,1,1958.9,1,0,,1954,West Germany
West Germany,1,1958.95,1,0,,1954,West Germany
West Germany,1,1962,1,4,,1954,West Germany
West Germany,1,1962.05,1,0,,1954,West Germany
West Germany,1,1962.1,1,0,,1954,West Germany
West Germany,1,1962.15,1,0,,1954,West Germany
West Germany,1,1962.2,1,0,,1954,West Germany
West Germany,1,1962.25,1,0,,1954,West Germany
West Germany,1,1962.3,1,0,,1954,West Germany
West Germany,1,1962.35,1,0,,1954,West Germany
West Germany,1,1962.4,1,0,,1954,West Germany
West Germany,1,1962.45,1,0,,1954,West Germany
West Germany,1,1962.5,1,0,,1954,West Germany
West Germany,1,1962.55,1,0,,1954,West Germany
West Germany,1,1962.6,1,0,,1954,West Germany
West Germany,1,1962.65,1,0,,1954,West Germany
West Germany,1,1962.7,1,0,,1954,West Germany
West Germany,1,1962.75,1,0,,1954,West Germany
West Germany,1,1962.8,1,0,,1954,West Germany
West Germany,1,1962.85,1,0,,1954,West Germany
West Germany,1,1962.9,1,0,,1954,West Germany
West Germany,1,1962.95,1,0,,1954,West Germany
West Germany,1,1966,1,4,,1954,West Germany
West Germany,1,1966.05,1,0,,1954,West Germany
West Germany,1,1966.1,1,0,,1954,West Germany
West Germany,1,1966.15,1,0,,1954,West Germany
West Germany,1,1966.2,1,0,,1954,West Germany
West Germany,1,1966.25,1,0,,1954,West Germany
West Germany,1,1966.3,1,0,,1954,West Germany
West Germany,1,1966.35,1,0,,1954,West Germany
West Germany,1,1966.4,1,0,,1954,West Germany
West Germany,1,1966.45,1,0,,1954,West Germany
West Germany,1,1966.5,1,0,,1954,West Germany
West Germany,1,1966.55,1,0,,1954,West Germany
West Germany,1,1966.6,1,0,,1954,West Germany
West Germany,1,1966.65,1,0,,1954,West Germany
West Germany,1,1966.7,1,0,,1954,West Germany
West Germany,1,1966.75,1,0,,1954,West Germany
West Germany,1,1966.8,1,0,,1954,West Germany
West Germany,1,1966.85,1,0,,1954,West Germany
West Germany,1,1966.9,1,0,,1954,West Germany
West Germany,1,1966.95,1,0,,1954,West Germany
West Germany,1,1970,1,4,,1954,West Germany
West Germany,1.05,1970.05,1,0,,1954,West Germany
West Germany,1.1,1970.1,1.05,0,,1954,West Germany
West Germany,1.15,1970.15,1.1,0,,1954,West Germany
West Germany,1.2,1970.2,1.15,0,,1954,West Germany
West Germany,1.25,1970.25,1.2,0,,1954,West Germany
West Germany,1.3,1970.3,1.25,0,,1954,West Germany
West Germany,1.35,1970.35,1.3,0,,1954,West Germany
West Germany,1.4,1970.4,1.35,0,,1954,West Germany
West Germany,1.45,1970.45,1.4,0,,1954,West Germany
West Germany,1.5,1970.5,1.45,0,,1954,West Germany
West Germany,1.55,1970.55,1.5,0,,1954,West Germany
West Germany,1.6,1970.6,1.55,0,,1954,West Germany
West Germany,1.65,1970.65,1.6,0,,1954,West Germany
West Germany,1.7,1970.7,1.65,0,,1954,West Germany
West Germany,1.75,1970.75,1.7,0,,1954,West Germany
West Germany,1.8,1970.8,1.75,0,,1954,West Germany
West Germany,1.85,1970.85,1.8,0,,1954,West Germany
West Germany,1.9,1970.9,1.85,0,,1954,West Germany
West Germany,1.95,1970.95,1.9,0,,1954,West Germany
West Germany,2,1974,1.95,4,,1954,West Germany
West Germany,2,1974.05,2,0,,1954,West Germany
West Germany,2,1974.1,2,0,,1954,West Germany
West Germany,2,1974.15,2,0,,1954,West Germany
West Germany,2,1974.2,2,0,,1954,West Germany
West Germany,2,1974.25,2,0,,1954,West Germany
West Germany,2,1974.3,2,0,,1954,West Germany
West Germany,2,1974.35,2,0,,1954,West Germany
West Germany,2,1974.4,2,0,,1954,West Germany
West Germany,2,1974.45,2,0,,1954,West Germany
West Germany,2,1974.5,2,0,,1954,West Germany
West Germany,2,1974.55,2,0,,1954,West Germany
West Germany,2,1974.6,2,0,,1954,West Germany
West Germany,2,1974.65,2,0,,1954,West Germany
West Germany,2,1974.7,2,0,,1954,West Germany
West Germany,2,1974.75,2,0,,1954,West Germany
West Germany,2,1974.8,2,0,,1954,West Germany
West Germany,2,1974.85,2,0,,1954,West Germany
West Germany,2,1974.9,2,0,,1954,West Germany
West Germany,2,1974.95,2,0,,1954,West Germany
West Germany,2,1978,2,4,,1954,West Germany
West Germany,2,1978.05,2,0,,1954,West Germany
West Germany,2,1978.1,2,0,,1954,West Germany
West Germany,2,1978.15,2,0,,1954,West Germany
West Germany,2,1978.2,2,0,,1954,West Germany
West Germany,2,1978.25,2,0,,1954,West Germany
West Germany,2,1978.3,2,0,,1954,West Germany
West Germany,2,1978.35,2,0,,1954,West Germany
West Germany,2,1978.4,2,0,,1954,West Germany
West Germany,2,1978.45,2,0,,1954,West Germany
West Germany,2,1978.5,2,0,,1954,West Germany
West Germany,2,1978.55,2,0,,1954,West Germany
West Germany,2,1978.6,2,0,,1954,West Germany
West Germany,2,1978.65,2,0,,1954,West Germany
West Germany,2,1978.7,2,0,,1954,West Germany
West Germany,2,1978.75,2,0,,1954,West Germany
West Germany,2,1978.8,2,0,,1954,West Germany
West Germany,2,1978.85,2,0,,1954,West Germany
West Germany,2,1978.9,2,0,,1954,West Germany
West Germany,2,1978.95,2,0,,1954,West Germany
West Germany,2,1982,2,4,,1954,West Germany
West Germany,2,1982.05,2,0,,1954,West Germany
West Germany,2,1982.1,2,0,,1954,West Germany
West Germany,2,1982.15,2,0,,1954,West Germany
West Germany,2,1982.2,2,0,,1954,West Germany
West Germany,2,1982.25,2,0,,1954,West Germany
West Germany,2,1982.3,2,0,,1954,West Germany
West Germany,2,1982.35,2,0,,1954,West Germany
West Germany,2,1982.4,2,0,,1954,West Germany
West Germany,2,1982.45,2,0,,1954,West Germany
West Germany,2,1982.5,2,0,,1954,West Germany
West Germany,2,1982.55,2,0,,1954,West Germany
West Germany,2,1982.6,2,0,,1954,West Germany
West Germany,2,1982.65,2,0,,1954,West Germany
West Germany,2,1982.7,2,0,,1954,West Germany
West Germany,2,1982.75,2,0,,1954,West Germany
West Germany,2,1982.8,2,0,,1954,West Germany
West Germany,2,1982.85,2,0,,1954,West Germany
West Germany,2,1982.9,2,0,,1954,West Germany
West Germany,2,1982.95,2,0,,1954,West Germany
West Germany,2,1986,2,4,,1954,West Germany
